"/media/emoc/EXT_A/BRUT/AK0208/Desktop DF";"";"application/octet-stream";"data"
"/media/emoc/EXT_A/BRUT/AK0208/Desktop DB";"";"application/octet-stream";"data"
"/media/emoc/EXT_A/BRUT/AK0352/Desktop DF";"";"application/octet-stream";"data"
"/media/emoc/EXT_A/BRUT/AK0352/Desktop DB";"";"application/octet-stream";"data"
"/media/emoc/EXT_A/BRUT/AK0352/.DS_Store";"";"application/octet-stream";"Apple Desktop Services Store"
"/media/emoc/EXT_A/BRUT/AK0352/Icon_";"";"inode/x-empty";"empty"
"/media/emoc/EXT_A/BRUT/AK0179/Desktop DF";"";"application/octet-stream";"data"
"/media/emoc/EXT_A/BRUT/AK0179/SUZHUN /Icon_";"";"inode/x-empty";"empty"
"/media/emoc/EXT_A/BRUT/AK0179/Desktop DB";"";"application/octet-stream";"data"
"/media/emoc/EXT_A/BRUT/AK0186/Desktop DF";"";"application/octet-stream";"data"
"/media/emoc/EXT_A/BRUT/AK0186/Desktop DB";"";"application/octet-stream";"data"
"/media/emoc/EXT_A/BRUT/AK0186/Icon_";"";"inode/x-empty";"empty"
"/media/emoc/EXT_A/BRUT/AK0239/REPORTAJOU LOU/archeologiezh erwan chartier/kinnig archeologiezh erwan 2";"";"application/octet-stream";"data"
"/media/emoc/EXT_A/BRUT/AK0239/REPORTAJOU LOU/archeologiezh erwan chartier/kinnig archeologiezh erwan";"";"application/octet-stream";"data"
"/media/emoc/EXT_A/BRUT/AK0231/Desktop DF";"";"application/octet-stream";"data"
"/media/emoc/EXT_A/BRUT/AK0231/Desktop DB";"";"application/octet-stream";"data"
"/media/emoc/EXT_A/BRUT/AK0157/Desktop DF";"";"application/octet-stream";"data"
"/media/emoc/EXT_A/BRUT/AK0157/Istorioù Erell/Icon_";"";"inode/x-empty";"empty"
"/media/emoc/EXT_A/BRUT/AK0157/Desktop DB";"";"application/octet-stream";"data"
"/media/emoc/EXT_A/BRUT/AK0157/Icon_";"";"inode/x-empty";"empty"
"/media/emoc/EXT_A/BRUT/AK0701/CONV/016.wav";"wav";"inode/x-empty";"empty"
"/media/emoc/EXT_A/BRUT/AK0416/Desktop DF";"";"application/octet-stream";"data"
"/media/emoc/EXT_A/BRUT/AK0416/SKEUD AN AMZER/REOU ROLAND/GENVER 2003/MARIE GWILHERM/Icon_";"";"inode/x-empty";"empty"
"/media/emoc/EXT_A/BRUT/AK0416/SKEUD AN AMZER/REOU ROLAND/GENVER 2003/Icon_";"";"inode/x-empty";"empty"
"/media/emoc/EXT_A/BRUT/AK0416/SKEUD AN AMZER/REOU ROLAND/MEURZH 2003/10 03 2003/Icon_";"";"inode/x-empty";"empty"
"/media/emoc/EXT_A/BRUT/AK0416/SKEUD AN AMZER/REOU ROLAND/MEURZH 2003/MONEIZ/Icon_";"";"inode/x-empty";"empty"
"/media/emoc/EXT_A/BRUT/AK0416/SKEUD AN AMZER/REOU ROLAND/MEURZH 2003/13 03 2003/Icon_";"";"inode/x-empty";"empty"
"/media/emoc/EXT_A/BRUT/AK0416/SKEUD AN AMZER/REOU ROLAND/MEURZH 2003/03 03 2003/Icon_";"";"inode/x-empty";"empty"
"/media/emoc/EXT_A/BRUT/AK0416/SKEUD AN AMZER/REOU ROLAND/MEURZH 2003/TREDAN/Icon_";"";"inode/x-empty";"empty"
"/media/emoc/EXT_A/BRUT/AK0416/SKEUD AN AMZER/REOU ROLAND/MEURZH 2003/27 03 2003/Icon_";"";"inode/x-empty";"empty"
"/media/emoc/EXT_A/BRUT/AK0416/SKEUD AN AMZER/REOU ROLAND/MEURZH 2003/06 03 2003/Icon_";"";"inode/x-empty";"empty"
"/media/emoc/EXT_A/BRUT/AK0416/SKEUD AN AMZER/REOU ROLAND/MEURZH 2003/31 03 2003/Icon_";"";"inode/x-empty";"empty"
"/media/emoc/EXT_A/BRUT/AK0416/SKEUD AN AMZER/REOU ROLAND/MEURZH 2003/17 03 2003/Icon_";"";"inode/x-empty";"empty"
"/media/emoc/EXT_A/BRUT/AK0416/SKEUD AN AMZER/REOU ROLAND/MEURZH 2003/Icon_";"";"inode/x-empty";"empty"
"/media/emoc/EXT_A/BRUT/AK0416/SKEUD AN AMZER/REOU ROLAND/ C'HWEVRER 2003 MAT/17 02 2003/Icon_";"";"inode/x-empty";"empty"
"/media/emoc/EXT_A/BRUT/AK0416/SKEUD AN AMZER/REOU ROLAND/ C'HWEVRER 2003 MAT/SKEUD 6/Icon_";"";"inode/x-empty";"empty"
"/media/emoc/EXT_A/BRUT/AK0416/SKEUD AN AMZER/REOU ROLAND/ C'HWEVRER 2003 MAT/SKEUD 7/Icon_";"";"inode/x-empty";"empty"
"/media/emoc/EXT_A/BRUT/AK0416/SKEUD AN AMZER/REOU ROLAND/ C'HWEVRER 2003 MAT/20 02 2003/Icon_";"";"inode/x-empty";"empty"
"/media/emoc/EXT_A/BRUT/AK0416/SKEUD AN AMZER/REOU ROLAND/ C'HWEVRER 2003 MAT/SKEUD 5/Icon_";"";"inode/x-empty";"empty"
"/media/emoc/EXT_A/BRUT/AK0416/SKEUD AN AMZER/REOU ROLAND/ C'HWEVRER 2003 MAT/Icon_";"";"inode/x-empty";"empty"
"/media/emoc/EXT_A/BRUT/AK0416/SKEUD AN AMZER/REOU ROLAND/EBREL 2003 MAT/03 04 2003/Icon_";"";"inode/x-empty";"empty"
"/media/emoc/EXT_A/BRUT/AK0416/SKEUD AN AMZER/REOU ROLAND/EBREL 2003 MAT/SKEUD 28  04 2003/Icon_";"";"inode/x-empty";"empty"
"/media/emoc/EXT_A/BRUT/AK0416/SKEUD AN AMZER/REOU ROLAND/EBREL 2003 MAT/14 04 2003/Icon_";"";"inode/x-empty";"empty"
"/media/emoc/EXT_A/BRUT/AK0416/SKEUD AN AMZER/REOU ROLAND/EBREL 2003 MAT/24 04 2003/Icon_";"";"inode/x-empty";"empty"
"/media/emoc/EXT_A/BRUT/AK0416/SKEUD AN AMZER/REOU ROLAND/EBREL 2003 MAT/17 04 2003/Icon_";"";"inode/x-empty";"empty"
"/media/emoc/EXT_A/BRUT/AK0416/SKEUD AN AMZER/REOU ROLAND/EBREL 2003 MAT/10 04 2003/Icon_";"";"inode/x-empty";"empty"
"/media/emoc/EXT_A/BRUT/AK0416/SKEUD AN AMZER/REOU ROLAND/EBREL 2003 MAT/Icon_";"";"inode/x-empty";"empty"
"/media/emoc/EXT_A/BRUT/AK0416/SKEUD AN AMZER/REOU ROLAND/MAE 2003/Icon_";"";"inode/x-empty";"empty"
"/media/emoc/EXT_A/BRUT/AK0416/SKEUD AN AMZER/REOU ROLAND/KERZU 2002/SOAZ LOAIEC/Icon_";"";"inode/x-empty";"empty"
"/media/emoc/EXT_A/BRUT/AK0416/SKEUD AN AMZER/REOU ROLAND/KERZU 2002/MELLOUET/Icon_";"";"inode/x-empty";"empty"
"/media/emoc/EXT_A/BRUT/AK0416/SKEUD AN AMZER/REOU ROLAND/KERZU 2002/Icon_";"";"inode/x-empty";"empty"
"/media/emoc/EXT_A/BRUT/AK0416/SKEUD AN AMZER/REOU ROLAND/Icon_";"";"inode/x-empty";"empty"
"/media/emoc/EXT_A/BRUT/AK0416/SKEUD AN AMZER/SIZHUN 9-15_06_03/Icon_";"";"inode/x-empty";"empty"
"/media/emoc/EXT_A/BRUT/AK0416/SKEUD AN AMZER/SIZHUN 23-29_06_03/Icon_";"";"inode/x-empty";"empty"
"/media/emoc/EXT_A/BRUT/AK0416/SKEUD AN AMZER/sizhun 02-08_06_03/Icon_";"";"inode/x-empty";"empty"
"/media/emoc/EXT_A/BRUT/AK0416/SKEUD AN AMZER/SIZHUN 16-22_6_03/Icon_";"";"inode/x-empty";"empty"
"/media/emoc/EXT_A/BRUT/AK0416/SKEUD AN AMZER/Icon_";"";"inode/x-empty";"empty"
"/media/emoc/EXT_A/BRUT/AK0416/TENZOR AR BREZONEG/J-Y PLOURIN-AR FEULSTER/Icon_";"";"inode/x-empty";"empty"
"/media/emoc/EXT_A/BRUT/AK0416/TENZOR AR BREZONEG/Teñzorioù A.Deshayes/Icon_";"";"inode/x-empty";"empty"
"/media/emoc/EXT_A/BRUT/AK0416/TENZOR AR BREZONEG/Teñzorioù R.Tremel/Icon_";"";"inode/x-empty";"empty"
"/media/emoc/EXT_A/BRUT/AK0416/TENZOR AR BREZONEG/Teñzorioù Gil Penneg`/Icon_";"";"inode/x-empty";"empty"
"/media/emoc/EXT_A/BRUT/AK0416/Desktop DB";"";"application/octet-stream";"data"
"/media/emoc/EXT_A/BRUT/AK0683/NUM/013.aea";"aea";"inode/x-empty";"empty"
"/media/emoc/EXT_A/BRUT/AK0612/CONV/032.wav";"wav";"inode/x-empty";"empty"
"/media/emoc/EXT_A/BRUT/AK0316/Desktop DF";"";"application/octet-stream";"data"
"/media/emoc/EXT_A/BRUT/AK0316/Desktop DB";"";"application/octet-stream";"data"
"/media/emoc/EXT_A/BRUT/AK0576/NUM/002.aea";"aea";"inode/x-empty";"empty"
"/media/emoc/EXT_A/BRUT/AK0736/CONV/066.wav";"wav";"inode/x-empty";"empty"
"/media/emoc/EXT_A/BRUT/AK0736/CONV/007.wav";"wav";"inode/x-empty";"empty"
"/media/emoc/EXT_A/BRUT/AK0736/CONV/027.wav";"wav";"inode/x-empty";"empty"
"/media/emoc/EXT_A/BRUT/AK0183/Desktop DF";"";"application/octet-stream";"data"
"/media/emoc/EXT_A/BRUT/AK0183/Desktop DB";"";"application/octet-stream";"data"
"/media/emoc/EXT_A/BRUT/AK0605/CONV/001.wav";"wav";"inode/x-empty";"empty"
"/media/emoc/EXT_A/BRUT/AK0605/CONV/003.wav";"wav";"inode/x-empty";"empty"
"/media/emoc/EXT_A/BRUT/AK0648/CONV/012.wav";"wav";"inode/x-empty";"empty"
"/media/emoc/EXT_A/BRUT/AK0648/ANALOG/012.wav";"wav";"inode/x-empty";"empty"
"/media/emoc/EXT_A/BRUT/AK0185/Desktop DF";"";"application/octet-stream";"data"
"/media/emoc/EXT_A/BRUT/AK0185/Desktop DB";"";"application/octet-stream";"data"
"/media/emoc/EXT_A/BRUT/AK0164/Desktop DF";"";"application/octet-stream";"data"
"/media/emoc/EXT_A/BRUT/AK0164/FERM PEDA/Icon_";"";"inode/x-empty";"empty"
"/media/emoc/EXT_A/BRUT/AK0164/sikour skol vamm/Icon_";"";"inode/x-empty";"empty"
"/media/emoc/EXT_A/BRUT/AK0164/trouziou -jingeliou/ ETRE DAOU HIR/Icon_";"";"inode/x-empty";"empty"
"/media/emoc/EXT_A/BRUT/AK0164/trouziou -jingeliou/ETRE DAOU BERR/Icon_";"";"inode/x-empty";"empty"
"/media/emoc/EXT_A/BRUT/AK0164/trouziou -jingeliou/Icon_";"";"inode/x-empty";"empty"
"/media/emoc/EXT_A/BRUT/AK0164/dz rekipeou/Icon_";"";"inode/x-empty";"empty"
"/media/emoc/EXT_A/BRUT/AK0164/Desktop DB";"";"application/octet-stream";"data"
"/media/emoc/EXT_A/BRUT/AK0164/Icon_";"";"inode/x-empty";"empty"
"/media/emoc/EXT_A/BRUT/AK0058/Desktop DF";"";"application/octet-stream";"data"
"/media/emoc/EXT_A/BRUT/AK0058/TAC  07 2003/Icon_";"";"inode/x-empty";"empty"
"/media/emoc/EXT_A/BRUT/AK0058/Desktop DB";"";"application/octet-stream";"data"
"/media/emoc/EXT_A/BRUT/AK0409/Desktop DF";"";"application/octet-stream";"data"
"/media/emoc/EXT_A/BRUT/AK0409/2-Tudi Kernaléguen/3-tudi kleiz/Icon_";"";"inode/x-empty";"empty"
"/media/emoc/EXT_A/BRUT/AK0409/2-Tudi Kernaléguen/ 4-doser TUDI EKOLO/Icon_";"";"inode/x-empty";"empty"
"/media/emoc/EXT_A/BRUT/AK0409/2-Tudi Kernaléguen/Icon_";"";"inode/x-empty";"empty"
"/media/emoc/EXT_A/BRUT/AK0409/Desktop DB";"";"application/octet-stream";"data"
"/media/emoc/EXT_A/BRUT/AK0665/CONV/009.wav";"wav";"inode/x-empty";"empty"
"/media/emoc/EXT_A/BRUT/AK0665/CONV/014.wav";"wav";"inode/x-empty";"empty"
"/media/emoc/EXT_A/BRUT/AK0063/Desktop DF";"";"application/octet-stream";"data"
"/media/emoc/EXT_A/BRUT/AK0063/Desktop DB";"";"application/octet-stream";"data"
"/media/emoc/EXT_A/BRUT/AK0063/Icon_";"";"inode/x-empty";"empty"
"/media/emoc/EXT_A/BRUT/AK0158/Desktop DF";"";"application/octet-stream";"data"
"/media/emoc/EXT_A/BRUT/AK0158/Desktop DB";"";"application/octet-stream";"data"
"/media/emoc/EXT_A/BRUT/AK0158/Icon_";"";"inode/x-empty";"empty"
"/media/emoc/EXT_A/BRUT/AK0702/CONV/016.wav";"wav";"inode/x-empty";"empty"
"/media/emoc/EXT_A/BRUT/AK0702/CONV/027.wav";"wav";"inode/x-empty";"empty"
"/media/emoc/EXT_A/BRUT/AK0702/ANALOG/016.wav";"wav";"inode/x-empty";"empty"
"/media/emoc/EXT_A/BRUT/AK0230/Desktop DF";"";"application/octet-stream";"data"
"/media/emoc/EXT_A/BRUT/AK0230/Desktop DB";"";"application/octet-stream";"data"
"/media/emoc/EXT_A/BRUT/AK0175/Desktop DF";"";"application/octet-stream";"data"
"/media/emoc/EXT_A/BRUT/AK0175/Desktop DB";"";"application/octet-stream";"data"
"/media/emoc/EXT_A/BRUT/AK0318/Desktop DF";"";"application/octet-stream";"data"
"/media/emoc/EXT_A/BRUT/AK0318/le bigot mad.mp3 19:11:02";"mp3 19:11:02";"audio/mpeg";"Audio file with ID3 version 2.2.0, contains: MPEG ADTS, layer III, v1,  80 kbps, 44.1 kHz, Monaural"
"/media/emoc/EXT_A/BRUT/AK0318/Desktop DB";"";"application/octet-stream";"data"
"/media/emoc/EXT_A/BRUT/AK0317/Desktop DF";"";"application/octet-stream";"data"
"/media/emoc/EXT_A/BRUT/AK0317/Desktop DB";"";"application/octet-stream";"data"
"/media/emoc/EXT_A/BRUT/AK0317/.DS_Store";"";"application/octet-stream";"Apple Desktop Services Store"
"/media/emoc/EXT_A/BRUT/AK0317/Icon_";"";"inode/x-empty";"empty"
"/media/emoc/EXT_A/BRUT/AK0178/Desktop DF";"";"application/octet-stream";"data"
"/media/emoc/EXT_A/BRUT/AK0178/TENZOR 06 BETEG 10_01_03/Icon_";"";"inode/x-empty";"empty"
"/media/emoc/EXT_A/BRUT/AK0178/Desktop DB";"";"application/octet-stream";"data"
"/media/emoc/EXT_A/BRUT/AK0081/Desktop DF";"";"application/octet-stream";"data"
"/media/emoc/EXT_A/BRUT/AK0081/Desktop DB";"";"application/octet-stream";"data"
"/media/emoc/EXT_A/BRUT/AK0081/Icon_";"";"inode/x-empty";"empty"
"/media/emoc/EXT_A/BRUT/AK0410/Desktop DF";"";"application/octet-stream";"data"
"/media/emoc/EXT_A/BRUT/AK0410/C'HOARIVA/teatr diwan 10 06 03/Icon_";"";"inode/x-empty";"empty"
"/media/emoc/EXT_A/BRUT/AK0410/C'HOARIOù/kernevel /Icon_";"";"inode/x-empty";"empty"
"/media/emoc/EXT_A/BRUT/AK0410/DISKOUEZADEGOù/De Sardines en Dentelles/Icon_";"";"inode/x-empty";"empty"
"/media/emoc/EXT_A/BRUT/AK0410/DISKOUEZADEGOù/henri riviere 1/Icon_";"";"inode/x-empty";"empty"
"/media/emoc/EXT_A/BRUT/AK0410/Desktop DB";"";"application/octet-stream";"data"
"/media/emoc/EXT_A/BRUT/AK0084/ds_store";"";"application/octet-stream";"Apple Desktop Services Store"
"/media/emoc/EXT_A/BRUT/AK0195/Desktop DF";"";"application/octet-stream";"data"
"/media/emoc/EXT_A/BRUT/AK0195/Desktop DB";"";"application/octet-stream";"data"
"/media/emoc/EXT_A/BRUT/AK0195/Icon_";"";"inode/x-empty";"empty"
"/media/emoc/EXT_A/BRUT/AK0494/Desktop DF";"";"application/octet-stream";"data"
"/media/emoc/EXT_A/BRUT/AK0494/DIGREIZENNAN PIERRE LE BERRE/Icon_";"";"inode/x-empty";"empty"
"/media/emoc/EXT_A/BRUT/AK0494/BIJER POLAR 30 05 02/Icon_";"";"inode/x-empty";"empty"
"/media/emoc/EXT_A/BRUT/AK0494/Desktop DB";"";"application/octet-stream";"data"
"/media/emoc/EXT_A/BRUT/AK0647/CONV/008.wav";"wav";"inode/x-empty";"empty"
"/media/emoc/EXT_A/BRUT/AK0647/ANALOG/008.wav";"wav";"inode/x-empty";"empty"
"/media/emoc/EXT_A/BRUT/AK0414/Desktop DF";"";"application/octet-stream";"data"
"/media/emoc/EXT_A/BRUT/AK0414/Desktop DB";"";"application/octet-stream";"data"
"/media/emoc/EXT_A/BRUT/AK0739/CONV/001.wav";"wav";"inode/x-empty";"empty"
"/media/emoc/EXT_A/BRUT/AK0739/CONV/003.wav";"wav";"inode/x-empty";"empty"
"/media/emoc/EXT_A/BRUT/AK0056/Desktop DF";"";"application/octet-stream";"data"
"/media/emoc/EXT_A/BRUT/AK0056/Desktop DB";"";"application/octet-stream";"data"
"/media/emoc/EXT_A/BRUT/AK0056/Icon_";"";"inode/x-empty";"empty"
"/media/emoc/EXT_A/BRUT/AK0077/Desktop DF";"";"application/octet-stream";"data"
"/media/emoc/EXT_A/BRUT/AK0077/Desktop DB";"";"application/octet-stream";"data"
"/media/emoc/EXT_A/BRUT/AK0094/Desktop DF";"";"application/octet-stream";"data"
"/media/emoc/EXT_A/BRUT/AK0094/Desktop DB";"";"application/octet-stream";"data"
"/media/emoc/EXT_A/BRUT/AK0550/CONV/004.wav";"wav";"inode/x-empty";"empty"
"/media/emoc/EXT_A/BRUT/AK0550/CONV/013.wav";"wav";"inode/x-empty";"empty"
"/media/emoc/EXT_A/BRUT/AK0550/CONV/010.wav";"wav";"inode/x-empty";"empty"
"/media/emoc/EXT_A/BRUT/AK0642/CONV/002.wav";"wav";"inode/x-empty";"empty"
"/media/emoc/EXT_A/BRUT/AK0327/Desktop DF";"";"application/octet-stream";"data"
"/media/emoc/EXT_A/BRUT/AK0327/C.Peoc'h_Penmarc'h/Icon_";"";"inode/x-empty";"empty"
"/media/emoc/EXT_A/BRUT/AK0327/Ijinour DGE/Icon_";"";"inode/x-empty";"empty"
"/media/emoc/EXT_A/BRUT/AK0327/A.Salomon_Tredan&Radio/Icon_";"";"inode/x-empty";"empty"
"/media/emoc/EXT_A/BRUT/AK0327/Desktop DB";"";"application/octet-stream";"data"
"/media/emoc/EXT_A/BRUT/AK0327/Jean Vichon_Plougon/Icon_";"";"inode/x-empty";"empty"
"/media/emoc/EXT_A/BRUT/AK0406/Desktop DF";"";"application/octet-stream";"data"
"/media/emoc/EXT_A/BRUT/AK0406/Desktop DB";"";"application/octet-stream";"data"
"/media/emoc/EXT_A/BRUT/AK0320/Desktop DF";"";"application/octet-stream";"data"
"/media/emoc/EXT_A/BRUT/AK0320/Desktop DB";"";"application/octet-stream";"data"
"/media/emoc/EXT_A/BRUT/AK0665_v0/CONV/009.wav";"wav";"inode/x-empty";"empty"
"/media/emoc/EXT_A/BRUT/AK0665_v0/CONV/014.wav";"wav";"inode/x-empty";"empty"
"/media/emoc/EXT_A/BRUT/AK0156/Desktop DF";"";"application/octet-stream";"data"
"/media/emoc/EXT_A/BRUT/AK0156/TEATR/Icon_";"";"inode/x-empty";"empty"
"/media/emoc/EXT_A/BRUT/AK0156/BARzH  KAN/Icon_";"";"inode/x-empty";"empty"
"/media/emoc/EXT_A/BRUT/AK0156/Desktop DB";"";"application/octet-stream";"data"
"/media/emoc/EXT_A/BRUT/AK0184/Desktop DF";"";"application/octet-stream";"data"
"/media/emoc/EXT_A/BRUT/AK0184/Desktop DB";"";"application/octet-stream";"data"
"/media/emoc/EXT_A/BRUT/AK0207/Desktop DF";"";"application/octet-stream";"data"
"/media/emoc/EXT_A/BRUT/AK0207/Desktop DB";"";"application/octet-stream";"data"
"/media/emoc/EXT_A/BRUT/AK0652/CONV/001.wav";"wav";"inode/x-empty";"empty"
"/media/emoc/EXT_A/BRUT/AK0486/Desktop DF";"";"application/octet-stream";"data"
"/media/emoc/EXT_A/BRUT/AK0486/Straed st MALO27 06 02/Icon_";"";"inode/x-empty";"empty"
"/media/emoc/EXT_A/BRUT/AK0486/Desktop DB";"";"application/octet-stream";"data"
"/media/emoc/EXT_A/BRUT/AK0064/AIFF/Icon_";"";"inode/x-empty";"empty"
"/media/emoc/EXT_A/BRUT/AK0064/Desktop DF";"";"application/octet-stream";"data"
"/media/emoc/EXT_A/BRUT/AK0064/TAC FRI/.DS_Store";"";"application/octet-stream";"Apple Desktop Services Store"
"/media/emoc/EXT_A/BRUT/AK0064/TAC FRI/Icon_";"";"inode/x-empty";"empty"
"/media/emoc/EXT_A/BRUT/AK0064/ar c'hoari/Alan styvell/bzh raok rapide";"";"application/octet-stream";"data"
"/media/emoc/EXT_A/BRUT/AK0064/ar c'hoari/Icon_";"";"inode/x-empty";"empty"
"/media/emoc/EXT_A/BRUT/AK0064/HABILLAGE /.DS_Store";"";"application/octet-stream";"Apple Desktop Services Store"
"/media/emoc/EXT_A/BRUT/AK0064/Desktop DB";"";"application/octet-stream";"data"
"/media/emoc/EXT_A/BRUT/AK0064/TV HA SINEMA TAMMIGOU/Icon_";"";"inode/x-empty";"empty"
"/media/emoc/EXT_A/BRUT/AK0064/GENERIK/AIFF/Icon_";"";"inode/x-empty";"empty"
"/media/emoc/EXT_A/BRUT/AK0064/GENERIK/.DS_Store";"";"application/octet-stream";"Apple Desktop Services Store"
"/media/emoc/EXT_A/BRUT/AK0064/GENERIK/Icon_";"";"inode/x-empty";"empty"
"/media/emoc/EXT_A/BRUT/AK0064/Icon_";"";"inode/x-empty";"empty"
"/media/emoc/EXT_A/BRUT/AK0350/Desktop DF";"";"application/octet-stream";"data"
"/media/emoc/EXT_A/BRUT/AK0350/Desktop DB";"";"application/octet-stream";"data"
"/media/emoc/EXT_A/BRUT/AK0350/.DS_Store";"";"application/octet-stream";"Apple Desktop Services Store"
"/media/emoc/EXT_A/BRUT/AK0350/Icon_";"";"inode/x-empty";"empty"
"/media/emoc/EXT_A/BRUT/AK0181/Desktop DF";"";"application/octet-stream";"data"
"/media/emoc/EXT_A/BRUT/AK0181/Desktop DB";"";"application/octet-stream";"data"
"/media/emoc/EXT_A/BRUT/AK0162/Desktop DF";"";"application/octet-stream";"data"
"/media/emoc/EXT_A/BRUT/AK0162/FERM PEDA/Icon_";"";"inode/x-empty";"empty"
"/media/emoc/EXT_A/BRUT/AK0162/sikour skol vamm/Icon_";"";"inode/x-empty";"empty"
"/media/emoc/EXT_A/BRUT/AK0162/trouziou -jingeliou/ ETRE DAOU HIR/Icon_";"";"inode/x-empty";"empty"
"/media/emoc/EXT_A/BRUT/AK0162/trouziou -jingeliou/ETRE DAOU BERR/Icon_";"";"inode/x-empty";"empty"
"/media/emoc/EXT_A/BRUT/AK0162/trouziou -jingeliou/Icon_";"";"inode/x-empty";"empty"
"/media/emoc/EXT_A/BRUT/AK0162/dz rekipeou/Icon_";"";"inode/x-empty";"empty"
"/media/emoc/EXT_A/BRUT/AK0162/Desktop DB";"";"application/octet-stream";"data"
"/media/emoc/EXT_A/BRUT/AK0162/Icon_";"";"inode/x-empty";"empty"
"/media/emoc/EXT_A/BRUT/AK0198/Desktop DF";"";"application/octet-stream";"data"
"/media/emoc/EXT_A/BRUT/AK0198/Desktop DB";"";"application/octet-stream";"data"
"/media/emoc/EXT_A/BRUT/AK0210/Desktop DF";"";"application/octet-stream";"data"
"/media/emoc/EXT_A/BRUT/AK0210/Desktop DB";"";"application/octet-stream";"data"
"/media/emoc/EXT_A/BRUT/AK0210/Icon_";"";"inode/x-empty";"empty"
"/media/emoc/EXT_A/BRUT/AK0190/Desktop DF";"";"application/octet-stream";"data"
"/media/emoc/EXT_A/BRUT/AK0190/Desktop DB";"";"application/octet-stream";"data"
"/media/emoc/EXT_A/BRUT/AK0190/Icon_";"";"inode/x-empty";"empty"
"/media/emoc/EXT_A/BRUT/AK0717/CONV/048.wav";"wav";"inode/x-empty";"empty"
"/media/emoc/EXT_A/BRUT/AK0717/CONV/042.wav";"wav";"inode/x-empty";"empty"
"/media/emoc/EXT_A/BRUT/AK0717/CONV/023.wav";"wav";"inode/x-empty";"empty"
"/media/emoc/EXT_A/BRUT/AK0717/CONV/038.wav";"wav";"inode/x-empty";"empty"
"/media/emoc/EXT_A/BRUT/AK0717/ANALOG/015.wav";"wav";"inode/x-empty";"empty"
"/media/emoc/EXT_A/BRUT/AK0033/Desktop DF";"";"application/octet-stream";"data"
"/media/emoc/EXT_A/BRUT/AK0033/Desktop DB";"";"application/octet-stream";"data"
"/media/emoc/EXT_A/BRUT/AK0033/.DS_Store";"";"application/octet-stream";"Apple Desktop Services Store"
"/media/emoc/EXT_A/BRUT/AK0696/CONV/001.wav";"wav";"inode/x-empty";"empty"
"/media/emoc/EXT_A/BRUT/AK0696/ANALOG/001.wav";"wav";"inode/x-empty";"empty"
"/media/emoc/EXT_A/BRUT/AK0412/Desktop DF";"";"application/octet-stream";"data"
"/media/emoc/EXT_A/BRUT/AK0412/Ar Pacs! Ha ma yafemp pelloc'h_/Icon_";"";"inode/x-empty";"empty"
"/media/emoc/EXT_A/BRUT/AK0412/Lesvenan Vs Hormones/Icon_";"";"inode/x-empty";"empty"
"/media/emoc/EXT_A/BRUT/AK0412/K. Ar Bolzer_V. Roussin/Icon_";"";"inode/x-empty";"empty"
"/media/emoc/EXT_A/BRUT/AK0412/Kemper war velo10-14_05_2004/Icon_";"";"inode/x-empty";"empty"
"/media/emoc/EXT_A/BRUT/AK0412/R.Bouguéon_PPS Grilhed-Sabl/Icon_";"";"inode/x-empty";"empty"
"/media/emoc/EXT_A/BRUT/AK0412/Desktop DB";"";"application/octet-stream";"data"
"/media/emoc/EXT_A/BRUT/AK0412/Distillerie des Menhirs3-7_2004/METEO WHISKY ED DU/gilles whisky   l/.DS_Store";"";"application/octet-stream";"Apple Desktop Services Store"
"/media/emoc/EXT_A/BRUT/AK0412/Distillerie des Menhirs3-7_2004/METEO WHISKY ED DU/.DS_Store";"";"application/octet-stream";"Apple Desktop Services Store"
"/media/emoc/EXT_A/BRUT/AK0412/Distillerie des Menhirs3-7_2004/.DS_Store";"";"application/octet-stream";"Apple Desktop Services Store"
"/media/emoc/EXT_A/BRUT/AK0412/Distillerie des Menhirs3-7_2004/Icon_";"";"inode/x-empty";"empty"
"/media/emoc/EXT_A/BRUT/AK0328/Desktop DF";"";"application/octet-stream";"data"
"/media/emoc/EXT_A/BRUT/AK0328/REPORTAJ Gael WHK/Icon_";"";"inode/x-empty";"empty"
"/media/emoc/EXT_A/BRUT/AK0328/BEUZEG/Icon_";"";"inode/x-empty";"empty"
"/media/emoc/EXT_A/BRUT/AK0328/Desktop DB";"";"application/octet-stream";"data"
"/media/emoc/EXT_A/BRUT/AK0328/Jean & buhez war vor/Icon_";"";"inode/x-empty";"empty"
"/media/emoc/EXT_A/BRUT/AK0671/CONV/008.wav";"wav";"inode/x-empty";"empty"
"/media/emoc/EXT_A/BRUT/AK0716/CONV/025.wav";"wav";"inode/x-empty";"empty"
"/media/emoc/EXT_A/BRUT/AK0716/ANALOG/009.wav";"wav";"inode/x-empty";"empty"
"/media/emoc/EXT_A/BRUT/AK0308/TENZOR AR BREZHONEG/TENZOR RONAN TREMEL/PETRA ZO DU  copie.mp3 copie";"mp3 copie";"audio/mpeg";"Audio file with ID3 version 2.2.0, contains: MPEG ADTS, layer III, v1,  80 kbps, 44.1 kHz, Monaural"
"/media/emoc/EXT_A/BRUT/AK0191/Desktop DF";"";"application/octet-stream";"data"
"/media/emoc/EXT_A/BRUT/AK0191/Desktop DB";"";"application/octet-stream";"data"
"/media/emoc/EXT_A/BRUT/AK0168/Desktop DF";"";"application/octet-stream";"data"
"/media/emoc/EXT_A/BRUT/AK0168/Desktop DB";"";"application/octet-stream";"data"
"/media/emoc/EXT_A/BRUT/AK0168/erell sevennadur/Icon
";"";"inode/x-empty";"empty"
"/media/emoc/EXT_A/BRUT/AK0590/CONV/010.wav";"wav";"inode/x-empty";"empty"
"/media/emoc/EXT_A/BRUT/AK0035/Desktop DF";"";"application/octet-stream";"data"
"/media/emoc/EXT_A/BRUT/AK0035/Desktop DB";"";"application/octet-stream";"data"
"/media/emoc/EXT_A/BRUT/AK0035/.DS_Store";"";"application/octet-stream";"Apple Desktop Services Store"
"/media/emoc/EXT_A/BRUT/AK0121/Desktop DF";"";"application/octet-stream";"data"
"/media/emoc/EXT_A/BRUT/AK0121/Desktop DB";"";"application/octet-stream";"data"
"/media/emoc/EXT_A/BRUT/AK0176/Desktop DF";"";"application/octet-stream";"data"
"/media/emoc/EXT_A/BRUT/AK0176/Desktop DB";"";"application/octet-stream";"data"
"/media/emoc/EXT_A/BRUT/AK0137/Desktop DF";"";"application/octet-stream";"data"
"/media/emoc/EXT_A/BRUT/AK0137/Desktop DB";"";"application/octet-stream";"data"
"/media/emoc/EXT_A/BRUT/AK0137/.DS_Store";"";"application/octet-stream";"Apple Desktop Services Store"
"/media/emoc/EXT_A/BRUT/AK0137/Icon_";"";"inode/x-empty";"empty"
"/media/emoc/EXT_A/BRUT/AK0194/Desktop DF";"";"application/octet-stream";"data"
"/media/emoc/EXT_A/BRUT/AK0194/NIJAL/Icon_";"";"inode/x-empty";"empty"
"/media/emoc/EXT_A/BRUT/AK0194/Desktop DB";"";"application/octet-stream";"data"
"/media/emoc/EXT_A/BRUT/AK0062/Desktop DF";"";"application/octet-stream";"data"
"/media/emoc/EXT_A/BRUT/AK0062/Desktop DB";"";"application/octet-stream";"data"
"/media/emoc/EXT_A/BRUT/AK0312/Desktop DF";"";"application/octet-stream";"data"
"/media/emoc/EXT_A/BRUT/AK0312/Keleier droch 11 2003/Icon_";"";"inode/x-empty";"empty"
"/media/emoc/EXT_A/BRUT/AK0312/Desktop DB";"";"application/octet-stream";"data"
"/media/emoc/EXT_A/BRUT/AK0312/Icon_";"";"inode/x-empty";"empty"
"/media/emoc/EXT_A/BRUT/AK0197/Desktop DF";"";"application/octet-stream";"data"
"/media/emoc/EXT_A/BRUT/AK0197/Desktop DB";"";"application/octet-stream";"data"
"/media/emoc/EXT_A/BRUT/AK0669/CONV/030.wav";"wav";"inode/x-empty";"empty"
"/media/emoc/EXT_A/BRUT/AK0401/Desktop DF";"";"application/octet-stream";"data"
"/media/emoc/EXT_A/BRUT/AK0401/taol kurun 24,01,03/Icon
";"";"inode/x-empty";"empty"
"/media/emoc/EXT_A/BRUT/AK0401/GOUEL AKKORDEONS 23 01 03/Icon
";"";"inode/x-empty";"empty"
"/media/emoc/EXT_A/BRUT/AK0401/Desktop DB";"";"application/octet-stream";"data"
"/media/emoc/EXT_A/BRUT/AK0071/Desktop DF";"";"application/octet-stream";"data"
"/media/emoc/EXT_A/BRUT/AK0071/Desktop DB";"";"application/octet-stream";"data"
"/media/emoc/EXT_A/BRUT/AK0201/Desktop DF";"";"application/octet-stream";"data"
"/media/emoc/EXT_A/BRUT/AK0201/Desktop DB";"";"application/octet-stream";"data"
"/media/emoc/EXT_A/BRUT/AK0189/Desktop DF";"";"application/octet-stream";"data"
"/media/emoc/EXT_A/BRUT/AK0189/Desktop DB";"";"application/octet-stream";"data"
"/media/emoc/EXT_A/BRUT/AK0037/Desktop DF";"";"application/octet-stream";"data"
"/media/emoc/EXT_A/BRUT/AK0037/Desktop DB";"";"application/octet-stream";"data"
"/media/emoc/EXT_A/BRUT/AK0037/.DS_Store";"";"application/octet-stream";"Apple Desktop Services Store"
"/media/emoc/EXT_A/BRUT/AK0330/Desktop DF";"";"application/octet-stream";"data"
"/media/emoc/EXT_A/BRUT/AK0330/Desktop DB";"";"application/octet-stream";"data"
"/media/emoc/EXT_A/BRUT/AK0059_/Desktop DF";"";"application/octet-stream";"data"
"/media/emoc/EXT_A/BRUT/AK0059_/MUSE_BLISS.AIF";"aif";"application/octet-stream";"data"
"/media/emoc/EXT_A/BRUT/AK0059_/MUSE_MICRO CUTS.AIF";"aif";"application/octet-stream";"data"
"/media/emoc/EXT_A/BRUT/AK0059_/Time is Running Out.aif";"aif";"application/octet-stream";"data"
"/media/emoc/EXT_A/BRUT/AK0059_/ThoughtsOfADyingAtheist.aif";"aif";"application/octet-stream";"data"
"/media/emoc/EXT_A/BRUT/AK0059_/Endlessly.aif";"aif";"application/octet-stream";"data"
"/media/emoc/EXT_A/BRUT/AK0059_/MUSE_HYPER MUSIC.AIF";"aif";"application/octet-stream";"data"
"/media/emoc/EXT_A/BRUT/AK0059_/Groove.aif";"aif";"application/octet-stream";"data"
"/media/emoc/EXT_A/BRUT/AK0059_/MUSE_NEW BORN.AIF";"aif";"application/octet-stream";"data"
"/media/emoc/EXT_A/BRUT/AK0059_/MUSE_PLUG IN BABY.AIF";"aif";"application/octet-stream";"data"
"/media/emoc/EXT_A/BRUT/AK0059_/MUSE_SCREENAGER.AIF";"aif";"application/octet-stream";"data"
"/media/emoc/EXT_A/BRUT/AK0059_/MUSE_MEGALOMANIA.AIF";"aif";"application/octet-stream";"data"
"/media/emoc/EXT_A/BRUT/AK0059_/MUSE_FEELING GOOD.AIF";"aif";"application/octet-stream";"data"
"/media/emoc/EXT_A/BRUT/AK0059_/MUSE_DARK SHINES.AIF";"aif";"application/octet-stream";"data"
"/media/emoc/EXT_A/BRUT/AK0059_/Desktop DB";"";"application/octet-stream";"data"
"/media/emoc/EXT_A/BRUT/AK0059_/MUSE_SPACE DEMENTIA.AIF";"aif";"application/octet-stream";"data"
"/media/emoc/EXT_A/BRUT/AK0059_/MUSE_CITIZEN ERASED.AIF";"aif";"application/octet-stream";"data"
"/media/emoc/EXT_A/BRUT/AK0068/Desktop DF";"";"application/octet-stream";"data"
"/media/emoc/EXT_A/BRUT/AK0068/Desktop DB";"";"application/octet-stream";"data"
"/media/emoc/EXT_A/BRUT/AK0622/CONV/015.wav";"wav";"inode/x-empty";"empty"
"/media/emoc/EXT_A/BRUT/AK0622/CONV/012.wav";"wav";"inode/x-empty";"empty"
"/media/emoc/EXT_A/BRUT/AK0622/CONV/018.wav";"wav";"inode/x-empty";"empty"
"/media/emoc/EXT_A/BRUT/AK0592/CONV/005.wav";"wav";"inode/x-empty";"empty"
"/media/emoc/EXT_A/BRUT/AK0413/Desktop DF";"";"application/octet-stream";"data"
"/media/emoc/EXT_A/BRUT/AK0413/Desktop DB";"";"application/octet-stream";"data"
"/media/emoc/EXT_A/BRUT/AK0423/Desktop DF";"";"application/octet-stream";"data"
"/media/emoc/EXT_A/BRUT/AK0423/Desktop DB";"";"application/octet-stream";"data"
"/media/emoc/EXT_A/BRUT/AK0423/Icon_";"";"inode/x-empty";"empty"
"/media/emoc/EXT_A/BRUT/AK0313/Desktop DF";"";"application/octet-stream";"data"
"/media/emoc/EXT_A/BRUT/AK0313/Desktop DB";"";"application/octet-stream";"data"
"/media/emoc/EXT_A/BRUT/AK0645/CONV/004.wav";"wav";"inode/x-empty";"empty"
"/media/emoc/EXT_A/BRUT/AK0616/CONV/009.wav";"wav";"inode/x-empty";"empty"
"/media/emoc/EXT_A/BRUT/AK0060/Desktop DF";"";"application/octet-stream";"data"
"/media/emoc/EXT_A/BRUT/AK0060/Desktop DB";"";"application/octet-stream";"data"
"/media/emoc/EXT_A/BRUT/AK0099_/Desktop DF";"";"application/octet-stream";"data"
"/media/emoc/EXT_A/BRUT/AK0099_/Desktop DB";"";"application/octet-stream";"data"
"/media/emoc/EXT_A/BRUT/AK0677/CONV/014.wav";"wav";"inode/x-empty";"empty"
"/media/emoc/EXT_A/BRUT/AK0070/Desktop DF";"";"application/octet-stream";"data"
"/media/emoc/EXT_A/BRUT/AK0070/Desktop DB";"";"application/octet-stream";"data"
"/media/emoc/EXT_A/BRUT/AK0488/Desktop DF";"";"application/octet-stream";"data"
"/media/emoc/EXT_A/BRUT/AK0488/skol tregon/cp/Icon_";"";"inode/x-empty";"empty"
"/media/emoc/EXT_A/BRUT/AK0488/skol tregon/Icon_";"";"inode/x-empty";"empty"
"/media/emoc/EXT_A/BRUT/AK0488/Desktop DB";"";"application/octet-stream";"data"
"/media/emoc/EXT_A/BRUT/AK0061/Desktop DF";"";"application/octet-stream";"data"
"/media/emoc/EXT_A/BRUT/AK0061/Desktop DB";"";"application/octet-stream";"data"
"/media/emoc/EXT_A/BRUT/AK0061/Icon_";"";"inode/x-empty";"empty"
"/media/emoc/EXT_A/BRUT/AK0163/toniou kinnig/Icon_";"";"inode/x-empty";"empty"
"/media/emoc/EXT_A/BRUT/AK0163/Desktop DF";"";"application/octet-stream";"data"
"/media/emoc/EXT_A/BRUT/AK0163/3 yaou/Icon_";"";"inode/x-empty";"empty"
"/media/emoc/EXT_A/BRUT/AK0163/KINNIGOU BUGALE/kenav +90,2/Icon_";"";"inode/x-empty";"empty"
"/media/emoc/EXT_A/BRUT/AK0163/KINNIGOU BUGALE/Icon_";"";"inode/x-empty";"empty"
"/media/emoc/EXT_A/BRUT/AK0163/1 meurzh/Icon_";"";"inode/x-empty";"empty"
"/media/emoc/EXT_A/BRUT/AK0163/2 merc'her /Icon_";"";"inode/x-empty";"empty"
"/media/emoc/EXT_A/BRUT/AK0163/4 gwener /Icon_";"";"inode/x-empty";"empty"
"/media/emoc/EXT_A/BRUT/AK0163/Desktop DB";"";"application/octet-stream";"data"
"/media/emoc/EXT_A/BRUT/AK0163/Icon_";"";"inode/x-empty";"empty"
"/media/emoc/EXT_A/BRUT/AK0697/CONV/013.wav";"wav";"inode/x-empty";"empty"
"/media/emoc/EXT_A/BRUT/AK0697/ANALOG/013.wav";"wav";"inode/x-empty";"empty"
"/media/emoc/EXT_A/BRUT/AK0712/CONV/006.wav";"wav";"inode/x-empty";"empty"
"/media/emoc/EXT_A/BRUT/AK0712/ANALOG/006.wav";"wav";"inode/x-empty";"empty"
"/media/emoc/EXT_A/BRUT/AK0241/Desktop DF";"";"application/octet-stream";"data"
"/media/emoc/EXT_A/BRUT/AK0241/Desktop DB";"";"application/octet-stream";"data"
"/media/emoc/EXT_A/BRUT/AK0692/ANALOG/005.wav";"wav";"inode/x-empty";"empty"
"/media/emoc/EXT_A/BRUT/AK0485/Desktop DF";"";"application/octet-stream";"data"
"/media/emoc/EXT_A/BRUT/AK0485/Desktop DB";"";"application/octet-stream";"data"
"/media/emoc/EXT_A/BRUT/AK0196/Desktop DF";"";"application/octet-stream";"data"
"/media/emoc/EXT_A/BRUT/AK0196/Desktop DB";"";"application/octet-stream";"data"
"/media/emoc/EXT_A/BRUT/AK0196/Icon_";"";"inode/x-empty";"empty"
"/media/emoc/EXT_A/BRUT/AK0134/Desktop DF";"";"application/octet-stream";"data"
"/media/emoc/EXT_A/BRUT/AK0134/KELEIER AR SPORTOù/Icon_";"";"inode/x-empty";"empty"
"/media/emoc/EXT_A/BRUT/AK0134/SPORT/Jingleioù/Icon_";"";"inode/x-empty";"empty"
"/media/emoc/EXT_A/BRUT/AK0134/10e30-12e gad olier / jenerik/Icon_";"";"inode/x-empty";"empty"
"/media/emoc/EXT_A/BRUT/AK0134/10e30-12e gad olier /tele/Icon_";"";"inode/x-empty";"empty"
"/media/emoc/EXT_A/BRUT/AK0134/10e30-12e gad olier /kegin olier/Icon_";"";"inode/x-empty";"empty"
"/media/emoc/EXT_A/BRUT/AK0134/10e30-12e gad olier /dvd/Icon_";"";"inode/x-empty";"empty"
"/media/emoc/EXT_A/BRUT/AK0134/10e30-12e gad olier /game zone/Icon_";"";"inode/x-empty";"empty"
"/media/emoc/EXT_A/BRUT/AK0134/10e30-12e gad olier /sinema/Icon_";"";"inode/x-empty";"empty"
"/media/emoc/EXT_A/BRUT/AK0134/Desktop DB";"";"application/octet-stream";"data"
"/media/emoc/EXT_A/BRUT/AK0134/Icon_";"";"inode/x-empty";"empty"
"/media/emoc/EXT_A/BRUT/AK0417/Desktop DF";"";"application/octet-stream";"data"
"/media/emoc/EXT_A/BRUT/AK0417/TRAOU KOZH/KANAOUENOU/GLAV WAR AN DOUAR/Icon_";"";"inode/x-empty";"empty"
"/media/emoc/EXT_A/BRUT/AK0417/TRAOU KOZH/KANAOUENOU/""SON AR BOER""/Icon_";"";"inode/x-empty";"empty"
"/media/emoc/EXT_A/BRUT/AK0417/TRAOU KOZH/KANAOUENOU/KAN SANT NEVEN/Icon_";"";"inode/x-empty";"empty"
"/media/emoc/EXT_A/BRUT/AK0417/Desktop DB";"";"application/octet-stream";"data"
"/media/emoc/EXT_A/BRUT/AK0621/CONV/003.wav";"wav";"inode/x-empty";"empty"
"/media/emoc/EXT_A/BRUT/AK0595/CONV/011.wav";"wav";"inode/x-empty";"empty"
"/media/emoc/EXT_A/BRUT/AK0411/Brieg/Icon_";"";"inode/x-empty";"empty"
"/media/emoc/EXT_A/BRUT/AK0411/CD Louise E. & Ifig F/Icon_";"";"inode/x-empty";"empty"
"/media/emoc/EXT_A/BRUT/AK0411/Desktop DF";"";"application/octet-stream";"data"
"/media/emoc/EXT_A/BRUT/AK0411/FRANZ STOCK/Icon_";"";"inode/x-empty";"empty"
"/media/emoc/EXT_A/BRUT/AK0411/D2004/Icon_";"";"inode/x-empty";"empty"
"/media/emoc/EXT_A/BRUT/AK0411/PERON-KORE GWECHALL/Icon_";"";"inode/x-empty";"empty"
"/media/emoc/EXT_A/BRUT/AK0411/KARAOKE $/Icon_";"";"inode/x-empty";"empty"
"/media/emoc/EXT_A/BRUT/AK0411/AR GORSEDD 07 2004/Icon_";"";"inode/x-empty";"empty"
"/media/emoc/EXT_A/BRUT/AK0411/Tro Bro C'hall 1_A-raok ar sul/Icon_";"";"inode/x-empty";"empty"
"/media/emoc/EXT_A/BRUT/AK0411/Dz 2004 gt Gael/Dz 2004 gt Gael";"";"inode/x-empty";"empty"
"/media/emoc/EXT_A/BRUT/AK0411/Tro Bro C'hall 2_Goude/Icon_";"";"inode/x-empty";"empty"
"/media/emoc/EXT_A/BRUT/AK0411/Ti krampouezh Skeud /Icon_";"";"inode/x-empty";"empty"
"/media/emoc/EXT_A/BRUT/AK0411/G.Labbé_Kambrmicherioù/Icon_";"";"inode/x-empty";"empty"
"/media/emoc/EXT_A/BRUT/AK0411/randorade/Randorade txt";"";"application/octet-stream";"data"
"/media/emoc/EXT_A/BRUT/AK0411/randorade/Icon_";"";"inode/x-empty";"empty"
"/media/emoc/EXT_A/BRUT/AK0411/Markiz Club/Icon_";"";"inode/x-empty";"empty"
"/media/emoc/EXT_A/BRUT/AK0411/Desktop DB";"";"application/octet-stream";"data"
"/media/emoc/EXT_A/BRUT/AK0411/Lokorn/Icon_";"";"inode/x-empty";"empty"
"/media/emoc/EXT_A/BRUT/AK0411/Connétable/Icon_";"";"inode/x-empty";"empty"
"/media/emoc/EXT_A/BRUT/AK0411/Icon_";"";"inode/x-empty";"empty"
"/media/emoc/EXT_A/BRUT/AK0347/Desktop DF";"";"application/octet-stream";"data"
"/media/emoc/EXT_A/BRUT/AK0347/Desktop DB";"";"application/octet-stream";"data"
"/media/emoc/EXT_A/BRUT/AK0139/Desktop DF";"";"application/octet-stream";"data"
"/media/emoc/EXT_A/BRUT/AK0139/Kronikoù Mael/Icon_";"";"inode/x-empty";"empty"
"/media/emoc/EXT_A/BRUT/AK0139/FABIEN/Icon_";"";"inode/x-empty";"empty"
"/media/emoc/EXT_A/BRUT/AK0139/Desktop DB";"";"application/octet-stream";"data"
"/media/emoc/EXT_A/BRUT/AK0346/Desktop DF";"";"application/octet-stream";"data"
"/media/emoc/EXT_A/BRUT/AK0346/Desktop DB";"";"application/octet-stream";"data"
"/media/emoc/EXT_A/BRUT/AK0073/Desktop DF";"";"application/octet-stream";"data"
"/media/emoc/EXT_A/BRUT/AK0073/Desktop DB";"";"application/octet-stream";"data"
"/media/emoc/EXT_A/BRUT/AK0424/Desktop DF";"";"application/octet-stream";"data"
"/media/emoc/EXT_A/BRUT/AK0424/Desktop DB";"";"application/octet-stream";"data"
"/media/emoc/EXT_A/BRUT/AK0074/Desktop DF";"";"application/octet-stream";"data"
"/media/emoc/EXT_A/BRUT/AK0074/Desktop DB";"";"application/octet-stream";"data"
"/media/emoc/EXT_A/BRUT/AK0074/GOUHERE 2004/GOUELIOU KERNE/.DS_Store";"";"application/octet-stream";"Apple Desktop Services Store"
"/media/emoc/EXT_A/BRUT/AK0326/Desktop DF";"";"application/octet-stream";"data"
"/media/emoc/EXT_A/BRUT/AK0326/Laeronsi an STO_2/Icon_";"";"inode/x-empty";"empty"
"/media/emoc/EXT_A/BRUT/AK0326/Desktop DB";"";"application/octet-stream";"data"
"/media/emoc/EXT_A/BRUT/AK0141/Desktop DF";"";"application/octet-stream";"data"
"/media/emoc/EXT_A/BRUT/AK0141/zkinn kronikoù/Icon_";"";"inode/x-empty";"empty"
"/media/emoc/EXT_A/BRUT/AK0141/Da glinkañ/RADIO+BRUD/BRUDEREZH RADIO /ARVORIG FM + RADIO KERNE/Icon_";"";"inode/x-empty";"empty"
"/media/emoc/EXT_A/BRUT/AK0141/Da glinkañ/RADIO+BRUD/BRUDEREZH RADIO /ARVORIG FM/SLOGAN/Icon_";"";"inode/x-empty";"empty"
"/media/emoc/EXT_A/BRUT/AK0141/Da glinkañ/RADIO+BRUD/BRUDEREZH RADIO /ARVORIG FM/Icon_";"";"inode/x-empty";"empty"
"/media/emoc/EXT_A/BRUT/AK0141/Da glinkañ/RADIO+BRUD/BRUDEREZH RADIO /RADIO KERNE/Icon_";"";"inode/x-empty";"empty"
"/media/emoc/EXT_A/BRUT/AK0141/Da glinkañ/RADIO+BRUD/BRUDEREZH RADIO /Icon_";"";"inode/x-empty";"empty"
"/media/emoc/EXT_A/BRUT/AK0141/Da glinkañ/RADIO+BRUD/BRUD ABADENNOU/Icon_";"";"inode/x-empty";"empty"
"/media/emoc/EXT_A/BRUT/AK0141/Da glinkañ/RADIO+BRUD/Icon_";"";"inode/x-empty";"empty"
"/media/emoc/EXT_A/BRUT/AK0141/Da glinkañ/Traoù Olier/jingle kozh/Icon_";"";"inode/x-empty";"empty"
"/media/emoc/EXT_A/BRUT/AK0141/Da glinkañ/Traoù Olier/mouezh hep musik/Icon_";"";"inode/x-empty";"empty"
"/media/emoc/EXT_A/BRUT/AK0141/Desktop DB";"";"application/octet-stream";"data"
"/media/emoc/EXT_A/BRUT/AK0141/BRUDEREZH  ABADENNOU/KOzh/Icon_";"";"inode/x-empty";"empty"
"/media/emoc/EXT_A/BRUT/AK0400/Desktop DF";"";"application/octet-stream";"data"
"/media/emoc/EXT_A/BRUT/AK0400/Desktop DB";"";"application/octet-stream";"data"
"/media/emoc/EXT_A/BRUT/AK0597/CONV/017.wav";"wav";"inode/x-empty";"empty"
"/media/emoc/EXT_A/BRUT/AK0597/CONV/002.wav";"wav";"inode/x-empty";"empty"
"/media/emoc/EXT_A/BRUT/AK0708/CONV/010.wav";"wav";"inode/x-empty";"empty"
"/media/emoc/EXT_A/BRUT/AK0708/ANALOG/010.wav";"wav";"inode/x-empty";"empty"
"/media/emoc/EXT_A/BRUT/AK0188/Desktop DF";"";"application/octet-stream";"data"
"/media/emoc/EXT_A/BRUT/AK0188/Desktop DB";"";"application/octet-stream";"data"
"/media/emoc/EXT_A/BRUT/AK0695/CONV/010.wav";"wav";"inode/x-empty";"empty"
"/media/emoc/EXT_A/BRUT/AK0695/ANALOG/010.wav";"wav";"inode/x-empty";"empty"
"/media/emoc/EXT_A/BRUT/AK0338/Desktop DF";"";"application/octet-stream";"data"
"/media/emoc/EXT_A/BRUT/AK0338/teatr kerne/Icon_";"";"inode/x-empty";"empty"
"/media/emoc/EXT_A/BRUT/AK0338/expo graff/Icon_";"";"inode/x-empty";"empty"
"/media/emoc/EXT_A/BRUT/AK0338/Desktop DB";"";"application/octet-stream";"data"
"/media/emoc/EXT_A/BRUT/AK0125/Desktop DF";"";"application/octet-stream";"data"
"/media/emoc/EXT_A/BRUT/AK0125/Desktop DB";"";"application/octet-stream";"data"
"/media/emoc/EXT_A/BRUT/AK0405/Desktop DF";"";"application/octet-stream";"data"
"/media/emoc/EXT_A/BRUT/AK0405/TI AN AVEL/Icon_";"";"inode/x-empty";"empty"
"/media/emoc/EXT_A/BRUT/AK0405/Desktop DB";"";"application/octet-stream";"data"
"/media/emoc/EXT_A/BRUT/AK0059/Desktop DF";"";"application/octet-stream";"data"
"/media/emoc/EXT_A/BRUT/AK0059/MUSE_BLISS.AIF";"aif";"application/octet-stream";"data"
"/media/emoc/EXT_A/BRUT/AK0059/MUSE_MICRO CUTS.AIF";"aif";"application/octet-stream";"data"
"/media/emoc/EXT_A/BRUT/AK0059/Time is Running Out.aif";"aif";"application/octet-stream";"data"
"/media/emoc/EXT_A/BRUT/AK0059/ThoughtsOfADyingAtheist.aif";"aif";"application/octet-stream";"data"
"/media/emoc/EXT_A/BRUT/AK0059/Endlessly.aif";"aif";"application/octet-stream";"data"
"/media/emoc/EXT_A/BRUT/AK0059/MUSE_HYPER MUSIC.AIF";"aif";"application/octet-stream";"data"
"/media/emoc/EXT_A/BRUT/AK0059/Groove.aif";"aif";"application/octet-stream";"data"
"/media/emoc/EXT_A/BRUT/AK0059/MUSE_NEW BORN.AIF";"aif";"application/octet-stream";"data"
"/media/emoc/EXT_A/BRUT/AK0059/MUSE_PLUG IN BABY.AIF";"aif";"application/octet-stream";"data"
"/media/emoc/EXT_A/BRUT/AK0059/MUSE_SCREENAGER.AIF";"aif";"application/octet-stream";"data"
"/media/emoc/EXT_A/BRUT/AK0059/MUSE_MEGALOMANIA.AIF";"aif";"application/octet-stream";"data"
"/media/emoc/EXT_A/BRUT/AK0059/MUSE_FEELING GOOD.AIF";"aif";"application/octet-stream";"data"
"/media/emoc/EXT_A/BRUT/AK0059/MUSE_DARK SHINES.AIF";"aif";"application/octet-stream";"data"
"/media/emoc/EXT_A/BRUT/AK0059/Desktop DB";"";"application/octet-stream";"data"
"/media/emoc/EXT_A/BRUT/AK0059/MUSE_SPACE DEMENTIA.AIF";"aif";"application/octet-stream";"data"
"/media/emoc/EXT_A/BRUT/AK0059/MUSE_CITIZEN ERASED.AIF";"aif";"application/octet-stream";"data"
"/media/emoc/EXT_A/BRUT/AK0034/Desktop DF";"";"application/octet-stream";"data"
"/media/emoc/EXT_A/BRUT/AK0034/Desktop DB";"";"application/octet-stream";"data"
"/media/emoc/EXT_A/BRUT/AK0055/Desktop DF";"";"application/octet-stream";"data"
"/media/emoc/EXT_A/BRUT/AK0055/Desktop DB";"";"application/octet-stream";"data"
"/media/emoc/EXT_A/BRUT/AK0054/Desktop DF";"";"application/octet-stream";"data"
"/media/emoc/EXT_A/BRUT/AK0054/Desktop DB";"";"application/octet-stream";"data"
"/media/emoc/EXT_A/BRUT/AK0245/Desktop DF";"";"application/octet-stream";"data"
"/media/emoc/EXT_A/BRUT/AK0245/L'OEIL ELECTRIQUE_K.Chantreau/Icon_";"";"inode/x-empty";"empty"
"/media/emoc/EXT_A/BRUT/AK0245/Herve reportajoù/Icon_";"";"inode/x-empty";"empty"
"/media/emoc/EXT_A/BRUT/AK0245/Desktop DB";"";"application/octet-stream";"data"
"/media/emoc/EXT_A/BRUT/AK0719/CONV/049.wav";"wav";"inode/x-empty";"empty"
"/media/emoc/EXT_A/BRUT/AK0719/CONV/026.wav";"wav";"inode/x-empty";"empty"
"/media/emoc/EXT_A/BRUT/AK0719/CONV/034.wav";"wav";"inode/x-empty";"empty"
"/media/emoc/EXT_A/BRUT/AK0719/ANALOG/026.wav";"wav";"inode/x-empty";"empty"
"/media/emoc/EXT_A/BRUT/AK0085/Desktop DF";"";"application/octet-stream";"data"
"/media/emoc/EXT_A/BRUT/AK0085/Desktop DB";"";"application/octet-stream";"data"
"/media/emoc/EXT_A/BRUT/AK0382/Desktop DF";"";"application/octet-stream";"data"
"/media/emoc/EXT_A/BRUT/AK0382/Desktop DB";"";"application/octet-stream";"data"
"/media/emoc/EXT_A/BRUT/AK0643/CONV/016.wav";"wav";"inode/x-empty";"empty"
"/media/emoc/EXT_A/BRUT/AK0643/CONV/026.wav";"wav";"inode/x-empty";"empty"
"/media/emoc/EXT_A/BRUT/AK0643/CONV/027.wav";"wav";"inode/x-empty";"empty"
"/media/emoc/EXT_A/BRUT/AK0643/CONV/022.wav";"wav";"inode/x-empty";"empty"
"/media/emoc/EXT_A/BRUT/AK0404/Desktop DF";"";"application/octet-stream";"data"
"/media/emoc/EXT_A/BRUT/AK0404/Bouchon 07 06 2004/Icon_";"";"inode/x-empty";"empty"
"/media/emoc/EXT_A/BRUT/AK0404/06 06 44/Merc'hed an D Day/Da renkañ asambles/Icon_";"";"inode/x-empty";"empty"
"/media/emoc/EXT_A/BRUT/AK0404/06 06 44/Merc'hed an D Day/Icon_";"";"inode/x-empty";"empty"
"/media/emoc/EXT_A/BRUT/AK0404/06 06 44/.DS_Store";"";"application/octet-stream";"Apple Desktop Services Store"
"/media/emoc/EXT_A/BRUT/AK0404/06 06 44/Icon_";"";"inode/x-empty";"empty"
"/media/emoc/EXT_A/BRUT/AK0404/randorade/Randorade txt";"";"application/octet-stream";"data"
"/media/emoc/EXT_A/BRUT/AK0404/randorade/Icon_";"";"inode/x-empty";"empty"
"/media/emoc/EXT_A/BRUT/AK0404/Desktop DB";"";"application/octet-stream";"data"
"/media/emoc/EXT_A/BRUT/AK0180/Desktop DF";"";"application/octet-stream";"data"
"/media/emoc/EXT_A/BRUT/AK0180/Desktop DB";"";"application/octet-stream";"data"
"/media/emoc/EXT_A/BRUT/AK0075/Desktop DF";"";"application/octet-stream";"data"
"/media/emoc/EXT_A/BRUT/AK0075/Desktop DB";"";"application/octet-stream";"data"
"/media/emoc/EXT_A/BRUT/AK0430/kilt/Icon_";"";"inode/x-empty";"empty"
"/media/emoc/EXT_A/BRUT/AK0430/Desktop DF";"";"application/octet-stream";"data"
"/media/emoc/EXT_A/BRUT/AK0430/Kristenian ar Perou/Icon_";"";"inode/x-empty";"empty"
"/media/emoc/EXT_A/BRUT/AK0430/stalioù butun taget/Icon_";"";"inode/x-empty";"empty"
"/media/emoc/EXT_A/BRUT/AK0430/liorzhourien/Icon_";"";"inode/x-empty";"empty"
"/media/emoc/EXT_A/BRUT/AK0430/L.Le Guillou_Slovenia/Icon_";"";"inode/x-empty";"empty"
"/media/emoc/EXT_A/BRUT/AK0430/Plugün 2003/Icon_";"";"inode/x-empty";"empty"
"/media/emoc/EXT_A/BRUT/AK0430/NEDELEG E 2004/Icon_";"";"inode/x-empty";"empty"
"/media/emoc/EXT_A/BRUT/AK0430/plozevet/Icon_";"";"inode/x-empty";"empty"
"/media/emoc/EXT_A/BRUT/AK0430/kaiak/Icon_";"";"inode/x-empty";"empty"
"/media/emoc/EXT_A/BRUT/AK0430/stivell/Icon_";"";"inode/x-empty";"empty"
"/media/emoc/EXT_A/BRUT/AK0430/un tamm amzer/Icon_";"";"inode/x-empty";"empty"
"/media/emoc/EXT_A/BRUT/AK0430/Reiñ bronn/Icon_";"";"inode/x-empty";"empty"
"/media/emoc/EXT_A/BRUT/AK0430/Nicole & Félix le Garrec130904 /Icon_";"";"inode/x-empty";"empty"
"/media/emoc/EXT_A/BRUT/AK0430/JY.Plourin_Kembre N.2/Icon_";"";"inode/x-empty";"empty"
"/media/emoc/EXT_A/BRUT/AK0430/ofis - tier kêr II/Icon_";"";"inode/x-empty";"empty"
"/media/emoc/EXT_A/BRUT/AK0430/JY.P_Istor bro-Gembre 3/Icon_";"";"inode/x-empty";"empty"
"/media/emoc/EXT_A/BRUT/AK0430/manif an 20 01 05/Icon_";"";"inode/x-empty";"empty"
"/media/emoc/EXT_A/BRUT/AK0430/tachenn gampin/Icon_";"";"inode/x-empty";"empty"
"/media/emoc/EXT_A/BRUT/AK0430/Komite a zifenn evit an Hinguer/Icon_";"";"inode/x-empty";"empty"
"/media/emoc/EXT_A/BRUT/AK0430/Kroaz Aour 15-19_11_2004/Icon_";"";"inode/x-empty";"empty"
"/media/emoc/EXT_A/BRUT/AK0430/LANGAJ CHON/Icon_";"";"inode/x-empty";"empty"
"/media/emoc/EXT_A/BRUT/AK0430/staj hip-hop/Icon_";"";"inode/x-empty";"empty"
"/media/emoc/EXT_A/BRUT/AK0430/Pains de Campagne/Icon_";"";"inode/x-empty";"empty"
"/media/emoc/EXT_A/BRUT/AK0430/Kervarec eil abadenn/Icon_";"";"inode/x-empty";"empty"
"/media/emoc/EXT_A/BRUT/AK0430/palestina/Icon_";"";"inode/x-empty";"empty"
"/media/emoc/EXT_A/BRUT/AK0430/Lucie le Goff/Icon_";"";"inode/x-empty";"empty"
"/media/emoc/EXT_A/BRUT/AK0430/lise mor/Icon_";"";"inode/x-empty";"empty"
"/media/emoc/EXT_A/BRUT/AK0430/Desktop DB";"";"application/octet-stream";"data"
"/media/emoc/EXT_A/BRUT/AK0430/merc'hed ar fritur/Icon_";"";"inode/x-empty";"empty"
"/media/emoc/EXT_A/BRUT/AK0430/SOLENN E KRAOZON 2004/Icon_";"";"inode/x-empty";"empty"
"/media/emoc/EXT_A/BRUT/AK0430/Icon_";"";"inode/x-empty";"empty"
"/media/emoc/EXT_A/BRUT/AK0769/WHK A-DAMMOù/istor penhars/tac WHK  lod4  21 01 05";"";"application/octet-stream";"data"
"/media/emoc/EXT_A/BRUT/AK0670/CONV/003.wav";"wav";"inode/x-empty";"empty"
"/media/emoc/EXT_A/BRUT/AK0182/Desktop DF";"";"application/octet-stream";"data"
"/media/emoc/EXT_A/BRUT/AK0182/Desktop DB";"";"application/octet-stream";"data"
"/media/emoc/EXT_A/BRUT/AK0636/CONV/063.wav";"wav";"inode/x-empty";"empty"
"/media/emoc/EXT_A/BRUT/AK0636/CONV/013.wav";"wav";"inode/x-empty";"empty"
"/media/emoc/EXT_A/BRUT/AK0232/Desktop DF";"";"application/octet-stream";"data"
"/media/emoc/EXT_A/BRUT/AK0232/Desktop DB";"";"application/octet-stream";"data"
"/media/emoc/EXT_A/BRUT/AK0321/Desktop DF";"";"application/octet-stream";"data"
"/media/emoc/EXT_A/BRUT/AK0321/Desktop DB";"";"application/octet-stream";"data"
"/media/emoc/EXT_A/BRUT/AK0133/Desktop DF";"";"application/octet-stream";"data"
"/media/emoc/EXT_A/BRUT/AK0133/KEMENNOù/Icon_";"";"inode/x-empty";"empty"
"/media/emoc/EXT_A/BRUT/AK0133/Desktop DB";"";"application/octet-stream";"data"
"/media/emoc/EXT_A/BRUT/AK0426/Desktop DF";"";"application/octet-stream";"data"
"/media/emoc/EXT_A/BRUT/AK0426/GISELLE(Gilles )/Icon_";"";"inode/x-empty";"empty"
"/media/emoc/EXT_A/BRUT/AK0426/RETINA/Icon_";"";"inode/x-empty";"empty"
"/media/emoc/EXT_A/BRUT/AK0426/ERWAN HUPPEL/Icon_";"";"inode/x-empty";"empty"
"/media/emoc/EXT_A/BRUT/AK0426/UDARPA/Icon_";"";"inode/x-empty";"empty"
"/media/emoc/EXT_A/BRUT/AK0426/Desktop DB";"";"application/octet-stream";"data"
"/media/emoc/EXT_A/BRUT/AK0682/CONV/004.wav";"wav";"inode/x-empty";"empty"
"/media/emoc/EXT_A/BRUT/AK0682/ANALOG/004.wav";"wav";"inode/x-empty";"empty"
"/media/emoc/EXT_A/BRUT/AK0710/CONV/027.wav";"wav";"inode/x-empty";"empty"
"/media/emoc/EXT_A/BRUT/AK0710/ANALOG/006.wav";"wav";"inode/x-empty";"empty"
"/media/emoc/EXT_A/BRUT/AK0611/CONV/002.wav";"wav";"inode/x-empty";"empty"
"/media/emoc/EXT_A/BRUT/AK0165/Desktop DF";"";"application/octet-stream";"data"
"/media/emoc/EXT_A/BRUT/AK0165/Desktop DB";"";"application/octet-stream";"data"
"/media/emoc/EXT_A/BRUT/AK0165/Icon_";"";"inode/x-empty";"empty"
"/media/emoc/EXT_A/BRUT/AK0053/Desktop DF";"";"application/octet-stream";"data"
"/media/emoc/EXT_A/BRUT/AK0053/Desktop DB";"";"application/octet-stream";"data"
"/media/emoc/EXT_A/BRUT/AK0454/Desktop DF";"";"application/octet-stream";"data"
"/media/emoc/EXT_A/BRUT/AK0454/Desktop DB";"";"application/octet-stream";"data"
"/media/emoc/EXT_A/BRUT/AK0454/Icon_";"";"inode/x-empty";"empty"
"/media/emoc/EXT_A/BRUT/AK0560/CONV/003.wav";"wav";"inode/x-empty";"empty"
"/media/emoc/EXT_A/BRUT/AK0560/CONV/004.wav";"wav";"inode/x-empty";"empty"
"/media/emoc/EXT_A/BRUT/AK0464/Desktop DF";"";"application/octet-stream";"data"
"/media/emoc/EXT_A/BRUT/AK0464/Desktop DB";"";"application/octet-stream";"data"
"/media/emoc/EXT_A/BRUT/AK0598/CONV/001.wav";"wav";"inode/x-empty";"empty"
"/media/emoc/EXT_A/BRUT/AK0598/CONV/005.wav";"wav";"inode/x-empty";"empty"
"/media/emoc/EXT_A/BRUT/AK0598/CONV/002.wav";"wav";"inode/x-empty";"empty"
"/media/emoc/EXT_A/BRUT/AK0598/CONV/004.wav";"wav";"inode/x-empty";"empty"
"/media/emoc/EXT_A/BRUT/AK0138/Desktop DF";"";"application/octet-stream";"data"
"/media/emoc/EXT_A/BRUT/AK0138/Desktop DB";"";"application/octet-stream";"data"
"/media/emoc/EXT_A/BRUT/AK0138/KELEIER 07 2002/Icon_";"";"inode/x-empty";"empty"
"/media/emoc/EXT_A/BRUT/AK0138/KELEIER 09 2002/Icon_";"";"inode/x-empty";"empty"
"/media/emoc/EXT_A/BRUT/AK0147/Desktop DF";"";"application/octet-stream";"data"
"/media/emoc/EXT_A/BRUT/AK0147/football/.DS_Store";"";"application/octet-stream";"Apple Desktop Services Store"
"/media/emoc/EXT_A/BRUT/AK0147/Desktop DB";"";"application/octet-stream";"data"
"/media/emoc/EXT_A/BRUT/AK0147/.DS_Store";"";"application/octet-stream";"Apple Desktop Services Store"
"/media/emoc/EXT_A/BRUT/AK0146/erell 11 02 04/Top Eurvez/eurvez erell /.DS_Store";"";"application/octet-stream";"Apple Desktop Services Store"
"/media/emoc/EXT_A/BRUT/AK0146/erell 11 02 04/Top Eurvez/.DS_Store";"";"application/octet-stream";"Apple Desktop Services Store"
"/media/emoc/EXT_A/BRUT/AK0146/erell 11 02 04/.DS_Store";"";"application/octet-stream";"Apple Desktop Services Store"
"/media/emoc/EXT_A/BRUT/AK0146/Jingleiou gt gilles p/.DS_Store";"";"application/octet-stream";"Apple Desktop Services Store"
"/media/emoc/EXT_A/BRUT/AK0146/Desktop DF";"";"application/octet-stream";"data"
"/media/emoc/EXT_A/BRUT/AK0146/2PEURREST/.DS_Store";"";"application/octet-stream";"Apple Desktop Services Store"
"/media/emoc/EXT_A/BRUT/AK0146/2PEURREST/Icon_";"";"inode/x-empty";"empty"
"/media/emoc/EXT_A/BRUT/AK0146/1FREKENS erell/.DS_Store";"";"application/octet-stream";"Apple Desktop Services Store"
"/media/emoc/EXT_A/BRUT/AK0146/1Jingleiou Riwall_Yann ERle/.DS_Store";"";"application/octet-stream";"Apple Desktop Services Store"
"/media/emoc/EXT_A/BRUT/AK0146/Evit brud abadennou/mouezhou EVIT TAC/.DS_Store";"";"application/octet-stream";"Apple Desktop Services Store"
"/media/emoc/EXT_A/BRUT/AK0146/Evit brud abadennou/Non mixé/.DS_Store";"";"application/octet-stream";"Apple Desktop Services Store"
"/media/emoc/EXT_A/BRUT/AK0146/Evit brud abadennou/.DS_Store";"";"application/octet-stream";"Apple Desktop Services Store"
"/media/emoc/EXT_A/BRUT/AK0146/Desktop DB";"";"application/octet-stream";"data"
"/media/emoc/EXT_A/BRUT/AK0146/.DS_Store";"";"application/octet-stream";"Apple Desktop Services Store"
"/media/emoc/EXT_A/BRUT/AK0244/Desktop DF";"";"application/octet-stream";"data"
"/media/emoc/EXT_A/BRUT/AK0244/ABADENNOU /""AR MARC'H GWENN ""/Icon_";"";"inode/x-empty";"empty"
"/media/emoc/EXT_A/BRUT/AK0244/Desktop DB";"";"application/octet-stream";"data"
"/media/emoc/EXT_A/BRUT/AK0656/CONV/006.wav";"wav";"inode/x-empty";"empty"
"/media/emoc/EXT_A/BRUT/AK0656/CONV/011.wav";"wav";"inode/x-empty";"empty"
"/media/emoc/EXT_A/BRUT/AK0656/ANALOG/006.wav";"wav";"inode/x-empty";"empty"
"/media/emoc/EXT_A/BRUT/AK0204/Desktop DF";"";"application/octet-stream";"data"
"/media/emoc/EXT_A/BRUT/AK0204/label ruz_Chancerelle ha Ca Coo/kin Chancerelle";"";"application/octet-stream";"data"
"/media/emoc/EXT_A/BRUT/AK0204/label ruz_Chancerelle ha Ca Coo/Icon_";"";"inode/x-empty";"empty"
"/media/emoc/EXT_A/BRUT/AK0204/4-CELTIA/Icon_";"";"inode/x-empty";"empty"
"/media/emoc/EXT_A/BRUT/AK0204/Gouel Bleunioù Kaandorp/Icon_";"";"inode/x-empty";"empty"
"/media/emoc/EXT_A/BRUT/AK0204/5-AR REUZ BRAS 2003/Icon_";"";"inode/x-empty";"empty"
"/media/emoc/EXT_A/BRUT/AK0204/A-ENEP AN NUKLEEL/Icon_";"";"inode/x-empty";"empty"
"/media/emoc/EXT_A/BRUT/AK0204/MATTHIEU BOYD STUMMDI 2004/Icon_";"";"inode/x-empty";"empty"
"/media/emoc/EXT_A/BRUT/AK0204/Desktop DB";"";"application/octet-stream";"data"
"/media/emoc/EXT_A/BRUT/AK0204/Kan ar Bobl 2004/5-GWENER/Icon_";"";"inode/x-empty";"empty"
"/media/emoc/EXT_A/BRUT/AK0204/Kan ar Bobl 2004/2-MEURZH/Icon_";"";"inode/x-empty";"empty"
"/media/emoc/EXT_A/BRUT/AK0204/Kan ar Bobl 2004/1-LUN/Icon_";"";"inode/x-empty";"empty"
"/media/emoc/EXT_A/BRUT/AK0204/Kan ar Bobl 2004/3-MERC'HER/Icon_";"";"inode/x-empty";"empty"
"/media/emoc/EXT_A/BRUT/AK0204/Kan ar Bobl 2004/4-YAOU/Icon_";"";"inode/x-empty";"empty"
"/media/emoc/EXT_A/BRUT/AK0204/Kan ar Bobl 2004/Icon_";"";"inode/x-empty";"empty"
"/media/emoc/EXT_A/BRUT/AK0617/CONV/004.wav";"wav";"inode/x-empty";"empty"
"/media/emoc/EXT_A/BRUT/AK0032/Desktop DF";"";"application/octet-stream";"data"
"/media/emoc/EXT_A/BRUT/AK0032/Desktop DB";"";"application/octet-stream";"data"
"/media/emoc/EXT_A/BRUT/AK0625/CONV/024.wav";"wav";"inode/x-empty";"empty"
"/media/emoc/EXT_A/BRUT/AK0154/Desktop DF";"";"application/octet-stream";"data"
"/media/emoc/EXT_A/BRUT/AK0154/Desktop DB";"";"application/octet-stream";"data"
"/media/emoc/EXT_A/BRUT/AK0586/NUM/006.aea";"aea";"inode/x-empty";"empty"
"/media/emoc/EXT_A/BRUT/AK0517/Desktop DF";"";"application/octet-stream";"data"
"/media/emoc/EXT_A/BRUT/AK0517/Desktop DB";"";"application/octet-stream";"data"
"/media/emoc/EXT_A/BRUT/AK0057/Desktop DF";"";"application/octet-stream";"data"
"/media/emoc/EXT_A/BRUT/AK0057/Desktop DB";"";"application/octet-stream";"data"
"/media/emoc/EXT_A/BRUT/AK0038/Desktop DF";"";"application/octet-stream";"data"
"/media/emoc/EXT_A/BRUT/AK0038/Desktop DB";"";"application/octet-stream";"data"
"/media/emoc/EXT_A/BRUT/AK0038/.DS_Store";"";"application/octet-stream";"Apple Desktop Services Store"
"/media/emoc/EXT_A/BRUT/AK0234/Desktop DF";"";"application/octet-stream";"data"
"/media/emoc/EXT_A/BRUT/AK0234/Desktop DB";"";"application/octet-stream";"data"
"/media/emoc/EXT_A/BRUT/AK0391/Desktop DF";"";"application/octet-stream";"data"
"/media/emoc/EXT_A/BRUT/AK0391/Desktop DB";"";"application/octet-stream";"data"
"/media/emoc/EXT_A/BRUT/AK3344/Desktop DF";"";"application/octet-stream";"data"
"/media/emoc/EXT_A/BRUT/AK3344/clément/SKEUD /REOU kozh/Icon_";"";"inode/x-empty";"empty"
"/media/emoc/EXT_A/BRUT/AK3344/clément/SKEUD /TONNIOU KINNIG/Icon_";"";"inode/x-empty";"empty"
"/media/emoc/EXT_A/BRUT/AK3344/clément/SKEUD /REOU NEWEZ/Icon_";"";"inode/x-empty";"empty"
"/media/emoc/EXT_A/BRUT/AK3344/Desktop DB";"";"application/octet-stream";"data"
"/media/emoc/EXT_A/BRUT/AK0206/Desktop DF";"";"application/octet-stream";"data"
"/media/emoc/EXT_A/BRUT/AK0206/Desktop DB";"";"application/octet-stream";"data"
"/media/emoc/EXT_A/BRUT/AK0315/Desktop DF";"";"application/octet-stream";"data"
"/media/emoc/EXT_A/BRUT/AK0315/Desktop DB";"";"application/octet-stream";"data"
"/media/emoc/EXT_A/BRUT/AK0315/.DS_Store";"";"application/octet-stream";"Apple Desktop Services Store"
"/media/emoc/EXT_A/BRUT/AK0315/Icon_";"";"inode/x-empty";"empty"
"/media/emoc/EXT_A/BRUT/AK0083/Desktop DF";"";"application/octet-stream";"data"
"/media/emoc/EXT_A/BRUT/AK0083/DAB VEFA/DRE AR BLANEDENN 01 2003/Icon_";"";"inode/x-empty";"empty"
"/media/emoc/EXT_A/BRUT/AK0083/Desktop DB";"";"application/octet-stream";"data"
"/media/emoc/EXT_A/BRUT/AK0083/Icon_";"";"inode/x-empty";"empty"
"/media/emoc/EXT_A/BRUT/AK0209/Desktop DF";"";"application/octet-stream";"data"
"/media/emoc/EXT_A/BRUT/AK0209/Desktop DB";"";"application/octet-stream";"data"
"/media/emoc/EXT_A/BRUT/AK0240/Desktop DF";"";"application/octet-stream";"data"
"/media/emoc/EXT_A/BRUT/AK0240/lun 18 08 2003/Icon_";"";"inode/x-empty";"empty"
"/media/emoc/EXT_A/BRUT/AK0240/KURDISTAN_AL LOUARN/Icon_";"";"inode/x-empty";"empty"
"/media/emoc/EXT_A/BRUT/AK0240/Desktop DB";"";"application/octet-stream";"data"
"/media/emoc/EXT_A/BRUT/AK0240/gwener 22 08 03/Icon_";"";"inode/x-empty";"empty"
"/media/emoc/EXT_A/BRUT/AK0240/merc'her 20 08  2003/Icon_";"";"inode/x-empty";"empty"
"/media/emoc/EXT_A/BRUT/AK0097/Desktop DF";"";"application/octet-stream";"data"
"/media/emoc/EXT_A/BRUT/AK0097/JINGLEiou TAC/Icon_";"";"inode/x-empty";"empty"
"/media/emoc/EXT_A/BRUT/AK0097/Desktop DB";"";"application/octet-stream";"data"
"/media/emoc/EXT_A/BRUT/AK0664/CONV/010.wav";"wav";"inode/x-empty";"empty"
"/media/emoc/EXT_A/BRUT/AK0408/Desktop DF";"";"application/octet-stream";"data"
"/media/emoc/EXT_A/BRUT/AK0408/GOUELIOù KERNE 2003/goueliou meur kerne 24 07/Icon_";"";"inode/x-empty";"empty"
"/media/emoc/EXT_A/BRUT/AK0408/GOUELIOù KERNE 2003/KERNE 18 07 03/Icon_";"";"inode/x-empty";"empty"
"/media/emoc/EXT_A/BRUT/AK0408/GOUELIOù KERNE 2003/GOUELIOU MEUR KERNE 22/kerne 22 07 2003/Icon_";"";"inode/x-empty";"empty"
"/media/emoc/EXT_A/BRUT/AK0408/GOUELIOù KERNE 2003/GOUELIOU MEUR KERNE 22/Icon_";"";"inode/x-empty";"empty"
"/media/emoc/EXT_A/BRUT/AK0408/GOUELIOù KERNE 2003/Gouelioù meur Kerne 25 07 03/Icon_";"";"inode/x-empty";"empty"
"/media/emoc/EXT_A/BRUT/AK0408/Gouelarc'hoarivaeKerne 2004 /Icon_";"";"inode/x-empty";"empty"
"/media/emoc/EXT_A/BRUT/AK0408/Desktop DB";"";"application/octet-stream";"data"
"/media/emoc/EXT_A/BRUT/AK0408/Gouel Bro Douarnenez  2003/Icon_";"";"inode/x-empty";"empty"
"/media/emoc/EXT_A/BRUT/AK0705/CONV/013.wav";"wav";"inode/x-empty";"empty"
"/media/emoc/EXT_A/BRUT/AK0705/CONV/030.wav";"wav";"inode/x-empty";"empty"
"/media/emoc/EXT_A/BRUT/AK0705/CONV/038.wav";"wav";"inode/x-empty";"empty"
"/media/emoc/EXT_A/BRUT/AK0705/ANALOG/013.wav";"wav";"inode/x-empty";"empty"
"/media/emoc/EXT_A/BRUT/AK0148/Desktop DF";"";"application/octet-stream";"data"
"/media/emoc/EXT_A/BRUT/AK0148/taupeshoraires/Planxty/.DS_Store";"";"application/octet-stream";"Apple Desktop Services Store"
"/media/emoc/EXT_A/BRUT/AK0148/taupeshoraires/red cardell/.DS_Store";"";"application/octet-stream";"Apple Desktop Services Store"
"/media/emoc/EXT_A/BRUT/AK0148/taupeshoraires/.DS_Store";"";"application/octet-stream";"Apple Desktop Services Store"
"/media/emoc/EXT_A/BRUT/AK0148/son evit ar jingleiou/.DS_Store";"";"application/octet-stream";"Apple Desktop Services Store"
"/media/emoc/EXT_A/BRUT/AK0148/fri lous11_12_03/fri/.DS_Store";"";"application/octet-stream";"Apple Desktop Services Store"
"/media/emoc/EXT_A/BRUT/AK0148/fri lous11_12_03/.DS_Store";"";"application/octet-stream";"Apple Desktop Services Store"
"/media/emoc/EXT_A/BRUT/AK0148/fri lous11_12_03/Icon_";"";"inode/x-empty";"empty"
"/media/emoc/EXT_A/BRUT/AK0148/Desktop DB";"";"application/octet-stream";"data"
"/media/emoc/EXT_A/BRUT/AK0148/.DS_Store";"";"application/octet-stream";"Apple Desktop Services Store"
"/media/emoc/EXT_A/BRUT/AK0351/Desktop DF";"";"application/octet-stream";"data"
"/media/emoc/EXT_A/BRUT/AK0351/Desktop DB";"";"application/octet-stream";"data"
"/media/emoc/EXT_A/BRUT/AK0402/Desktop DF";"";"application/octet-stream";"data"
"/media/emoc/EXT_A/BRUT/AK0402/MIRDI KOMBRID/Icon_";"";"inode/x-empty";"empty"
"/media/emoc/EXT_A/BRUT/AK0402/merenn-vihan ba Kombrid 16-20_0/Icon_";"";"inode/x-empty";"empty"
"/media/emoc/EXT_A/BRUT/AK0402/Desktop DB";"";"application/octet-stream";"data"
"/media/emoc/EXT_A/BRUT/AK0242/09 2006/Nijal  29 09 06 arvo.mp3";"mp3";"application/octet-stream";"Audio file with ID3 version 2.3.0"
"/media/emoc/EXT_A/BRUT/AK0242/10 2006/Nijal 06 10 06 arvo.mp3";"mp3";"application/octet-stream";"Audio file with ID3 version 2.3.0"
"/media/emoc/EXT_A/BRUT/AK0203/Desktop DF";"";"application/octet-stream";"data"
"/media/emoc/EXT_A/BRUT/AK0203/Desktop DB";"";"application/octet-stream";"data"
"/media/emoc/EXT_A/BRUT/AK0735/CONV/018.wav";"wav";"inode/x-empty";"empty"
"/media/emoc/EXT_A/BRUT/AK0735/CONV/022.wav";"wav";"inode/x-empty";"empty"
"/media/emoc/EXT_A/BRUT/AK0735/CONV/023.wav";"wav";"inode/x-empty";"empty"
"/media/emoc/EXT_A/BRUT/AK0431/Desktop DF";"";"application/octet-stream";"data"
"/media/emoc/EXT_A/BRUT/AK0431/AMANN 22 09 03/Icon_";"";"inode/x-empty";"empty"
"/media/emoc/EXT_A/BRUT/AK0431/ANGÈLE JACQ/Icon_";"";"inode/x-empty";"empty"
"/media/emoc/EXT_A/BRUT/AK0431/Desktop DB";"";"application/octet-stream";"data"
"/media/emoc/EXT_A/BRUT/AK0193/Desktop DF";"";"application/octet-stream";"data"
"/media/emoc/EXT_A/BRUT/AK0193/Desktop DB";"";"application/octet-stream";"data"
"/media/emoc/EXT_A/BRUT/AK0706/CONV/014.wav";"wav";"inode/x-empty";"empty"
"/media/emoc/EXT_A/BRUT/AK0706/CONV/011.wav";"wav";"inode/x-empty";"empty"
"/media/emoc/EXT_A/BRUT/AK0706/ANALOG/011.wav";"wav";"inode/x-empty";"empty"
"/media/emoc/EXT_A/BRUT/AK0149/Desktop DF";"";"application/octet-stream";"data"
"/media/emoc/EXT_A/BRUT/AK0149/Sonjou habillage/Farmers Market/.DS_Store";"";"application/octet-stream";"Apple Desktop Services Store"
"/media/emoc/EXT_A/BRUT/AK0149/Sonjou habillage/Artiste inconnu/.DS_Store";"";"application/octet-stream";"Apple Desktop Services Store"
"/media/emoc/EXT_A/BRUT/AK0149/Sonjou habillage/EV/.DS_Store";"";"application/octet-stream";"Apple Desktop Services Store"
"/media/emoc/EXT_A/BRUT/AK0149/Sonjou habillage/.DS_Store";"";"application/octet-stream";"Apple Desktop Services Store"
"/media/emoc/EXT_A/BRUT/AK0149/Desktop DB";"";"application/octet-stream";"data"
"/media/emoc/EXT_A/BRUT/AK0149/.DS_Store";"";"application/octet-stream";"Apple Desktop Services Store"
"/media/emoc/EXT_A/BRUT/AK0323/Desktop DF";"";"application/octet-stream";"data"
"/media/emoc/EXT_A/BRUT/AK0323/Desktop DB";"";"application/octet-stream";"data"
"/media/emoc/EXT_A/BRUT/AK0376/Desktop DF";"";"application/octet-stream";"data"
"/media/emoc/EXT_A/BRUT/AK0376/Desktop DB";"";"application/octet-stream";"data"
"/media/emoc/EXT_A/BRUT/AK0376/.DS_Store";"";"application/octet-stream";"Apple Desktop Services Store"
"/media/emoc/EXT_A/BRUT/AK0603/CONV/021.wav";"wav";"inode/x-empty";"empty"
"/media/emoc/EXT_A/BRUT/AK0322/Desktop DF";"";"application/octet-stream";"data"
"/media/emoc/EXT_A/BRUT/AK0322/Kontadennoù Jos_2/Icon_";"";"inode/x-empty";"empty"
"/media/emoc/EXT_A/BRUT/AK0322/Herri An Aod 2_Sevel loened mor/Icon_";"";"inode/x-empty";"empty"
"/media/emoc/EXT_A/BRUT/AK0322/TGV/Icon_";"";"inode/x-empty";"empty"
"/media/emoc/EXT_A/BRUT/AK0322/Herri An Aod_Cempama/Icon_";"";"inode/x-empty";"empty"
"/media/emoc/EXT_A/BRUT/AK0322/Desktop DB";"";"application/octet-stream";"data"
"/media/emoc/EXT_A/BRUT/AK0322/L.Laurent_Ploeur/Icon_";"";"inode/x-empty";"empty"
"/media/emoc/EXT_A/BRUT/AK0322/A-M. Nouqueret_Dour Rhis/Icon_";"";"inode/x-empty";"empty"
"/media/emoc/EXT_A/BRUT/AK0732/CONV/001.wav";"wav";"inode/x-empty";"empty"
"/media/emoc/EXT_A/BRUT/AK0732/CONV/016.wav";"wav";"inode/x-empty";"empty"
"/media/emoc/EXT_A/BRUT/AK0732/CONV/014.wav";"wav";"inode/x-empty";"empty"
"/media/emoc/EXT_A/BRUT/AK0076/Desktop DF";"";"application/octet-stream";"data"
"/media/emoc/EXT_A/BRUT/AK0076/Desktop DB";"";"application/octet-stream";"data"
"/media/emoc/EXT_A/BRUT/AK0076/Icon_";"";"inode/x-empty";"empty"
"/media/emoc/EXT_A/BRUT/AK0126/Desktop DF";"";"application/octet-stream";"data"
"/media/emoc/EXT_A/BRUT/AK0126/Desktop DB";"";"application/octet-stream";"data"
"/media/emoc/EXT_A/BRUT/AK0126/.DS_Store";"";"application/octet-stream";"Apple Desktop Services Store"
"/media/emoc/EXT_A/BRUT/AK0036/Desktop DF";"";"application/octet-stream";"data"
"/media/emoc/EXT_A/BRUT/AK0036/Sizhun 20-24_09_04/.DS_Store";"";"application/octet-stream";"Apple Desktop Services Store"
"/media/emoc/EXT_A/BRUT/AK0036/Desktop DB";"";"application/octet-stream";"data"
"/media/emoc/EXT_A/BRUT/AK0036/Sizhun 13-17_09_04 /.DS_Store";"";"application/octet-stream";"Apple Desktop Services Store"
"/media/emoc/EXT_A/BRUT/AK0127/Desktop DF";"";"application/octet-stream";"data"
"/media/emoc/EXT_A/BRUT/AK0127/Desktop DB";"";"application/octet-stream";"data"
"/media/emoc/EXT_A/BRUT/AK0065/Desktop DF";"";"application/octet-stream";"data"
"/media/emoc/EXT_A/BRUT/AK0065/Desktop DB";"";"application/octet-stream";"data"
"/media/emoc/EXT_A/BRUT/AK0155/Desktop DF";"";"application/octet-stream";"data"
"/media/emoc/EXT_A/BRUT/AK0155/Desktop DB";"";"application/octet-stream";"data"
"/media/emoc/EXT_A/BRUT/AK0311/Desktop DF";"";"application/octet-stream";"data"
"/media/emoc/EXT_A/BRUT/AK0311/Desktop DB";"";"application/octet-stream";"data"
"/media/emoc/EXT_A/BRUT/AK0311/Icon_";"";"inode/x-empty";"empty"
"/media/emoc/EXT_A/BRUT/AK0427/Desktop DF";"";"application/octet-stream";"data"
"/media/emoc/EXT_A/BRUT/AK0427/Bezañ kasour/Icon_";"";"inode/x-empty";"empty"
"/media/emoc/EXT_A/BRUT/AK0427/Bilañs  Plugün/Icon_";"";"inode/x-empty";"empty"
"/media/emoc/EXT_A/BRUT/AK0427/Bale e Ploveilh ga Kervarec/Icon_";"";"inode/x-empty";"empty"
"/media/emoc/EXT_A/BRUT/AK0427/bered bagoù/Icon_";"";"inode/x-empty";"empty"
"/media/emoc/EXT_A/BRUT/AK0427/Desktop DB";"";"application/octet-stream";"data"
"/media/emoc/EXT_A/BRUT/AK0427/BREHOULOU 18 10 2004/Icon_";"";"inode/x-empty";"empty"
"/media/emoc/EXT_A/BRUT/AK0427/bezan dornet kleiz/Icon_";"";"inode/x-empty";"empty"
"/media/emoc/EXT_A/BRUT/AK0442/Desktop DF";"";"application/octet-stream";"data"
"/media/emoc/EXT_A/BRUT/AK0442/distro skol/Icon_";"";"inode/x-empty";"empty"
"/media/emoc/EXT_A/BRUT/AK0442/Disleksia/Icon_";"";"inode/x-empty";"empty"
"/media/emoc/EXT_A/BRUT/AK0442/diwan/Icon_";"";"inode/x-empty";"empty"
"/media/emoc/EXT_A/BRUT/AK0442/difenn an aodoù/Icon_";"";"inode/x-empty";"empty"
"/media/emoc/EXT_A/BRUT/AK0442/Desktop DB";"";"application/octet-stream";"data"
"/media/emoc/EXT_A/BRUT/AK0442/Fentoù Y. Bijer N.1 /Icon_";"";"inode/x-empty";"empty"
"/media/emoc/EXT_A/BRUT/AK0442/evfrisland/Icon_";"";"inode/x-empty";"empty"
"/media/emoc/EXT_A/BRUT/AK0442/Erwan hag ar brezel/Icon_";"";"inode/x-empty";"empty"
"/media/emoc/EXT_A/BRUT/AK0407/Desktop DF";"";"application/octet-stream";"data"
"/media/emoc/EXT_A/BRUT/AK0407/Desktop DB";"";"application/octet-stream";"data"
"/media/emoc/EXT_A/BRUT/AK0407/Georges Bothua/Icon_";"";"inode/x-empty";"empty"
"/media/emoc/EXT_A/BRUT/AK0469/nijal 26 10 04.mp3";"mp3";"inode/x-empty";"empty"
"/media/emoc/EXT_A/BRUT/AK0469/Desktop DF";"";"application/octet-stream";"data"
"/media/emoc/EXT_A/BRUT/AK0469/nijal 08 10 04.mp3";"mp3";"inode/x-empty";"empty"
"/media/emoc/EXT_A/BRUT/AK0469/nijal chistr  06 10 2004.mp3";"mp3";"inode/x-empty";"empty"
"/media/emoc/EXT_A/BRUT/AK0469/nijal 21 10 04.mp3";"mp3";"inode/x-empty";"empty"
"/media/emoc/EXT_A/BRUT/AK0469/nijal 28 10 04.mp3";"mp3";"inode/x-empty";"empty"
"/media/emoc/EXT_A/BRUT/AK0469/nijal Breoulou 18 10 2004.mp3";"mp3";"inode/x-empty";"empty"
"/media/emoc/EXT_A/BRUT/AK0469/nijal 15 10 04.mp3";"mp3";"inode/x-empty";"empty"
"/media/emoc/EXT_A/BRUT/AK0469/nijal Brehoulou 13 10 2004.mp3";"mp3";"inode/x-empty";"empty"
"/media/emoc/EXT_A/BRUT/AK0469/Nijal_Slovenia_20_10_4.mp3";"mp3";"inode/x-empty";"empty"
"/media/emoc/EXT_A/BRUT/AK0469/Nijal 22 10 04.mp3";"mp3";"inode/x-empty";"empty"
"/media/emoc/EXT_A/BRUT/AK0469/nijal dastum 27 10 04.mp3";"mp3";"inode/x-empty";"empty"
"/media/emoc/EXT_A/BRUT/AK0469/nijal 19 10 04.mp3";"mp3";"inode/x-empty";"empty"
"/media/emoc/EXT_A/BRUT/AK0469/nijal 29 10 04.mp3";"mp3";"inode/x-empty";"empty"
"/media/emoc/EXT_A/BRUT/AK0469/Desktop DB";"";"application/octet-stream";"data"
"/media/emoc/EXT_A/BRUT/AK0469/Nijal_Kembre 2 _25_10_4.mp3";"mp3";"inode/x-empty";"empty"
"/media/emoc/EXT_A/BRUT/AK0693/CONV/013.wav";"wav";"inode/x-empty";"empty"
"/media/emoc/EXT_A/BRUT/AK0693/ANALOG/013.wav";"wav";"inode/x-empty";"empty"
"/media/emoc/EXT_A/BRUT/AK0324/Desktop DF";"";"application/octet-stream";"data"
"/media/emoc/EXT_A/BRUT/AK0324/Klask dour/Icon_";"";"inode/x-empty";"empty"
"/media/emoc/EXT_A/BRUT/AK0324/Desktop DB";"";"application/octet-stream";"data"
"/media/emoc/EXT_A/BRUT/AK0120/Desktop DF";"";"application/octet-stream";"data"
"/media/emoc/EXT_A/BRUT/AK0120/Desktop DB";"";"application/octet-stream";"data"
"/media/emoc/EXT_A/BRUT/AK0087/Desktop DF";"";"application/octet-stream";"data"
"/media/emoc/EXT_A/BRUT/AK0087/Desktop DB";"";"application/octet-stream";"data"
"/media/emoc/EXT_A/BRUT/AK0428/Desktop DF";"";"application/octet-stream";"data"
"/media/emoc/EXT_A/BRUT/AK0428/AMNESTY INTERNATIONAL/AMNESTY 1/Icon_";"";"inode/x-empty";"empty"
"/media/emoc/EXT_A/BRUT/AK0428/AMNESTY INTERNATIONAL/AMNESTY 2/Icon_";"";"inode/x-empty";"empty"
"/media/emoc/EXT_A/BRUT/AK0428/AMNESTY INTERNATIONAL/Icon_";"";"inode/x-empty";"empty"
"/media/emoc/EXT_A/BRUT/AK0428/4-CELTIA/Icon_";"";"inode/x-empty";"empty"
"/media/emoc/EXT_A/BRUT/AK0428/An Divskouarn o Nijal 22 09 200/Icon_";"";"inode/x-empty";"empty"
"/media/emoc/EXT_A/BRUT/AK0428/al liamm arabat diverkan/Icon_";"";"inode/x-empty";"empty"
"/media/emoc/EXT_A/BRUT/AK0428/an arzhanaou/Icon_";"";"inode/x-empty";"empty"
"/media/emoc/EXT_A/BRUT/AK0428/Desktop DB";"";"application/octet-stream";"data"
"/media/emoc/EXT_A/BRUT/AK0428/35 eurvezh arabat diverka/Icon_";"";"inode/x-empty";"empty"
"/media/emoc/EXT_A/BRUT/AK0428/5vet Cyber fest-noz/Icon_";"";"inode/x-empty";"empty"
"/media/emoc/EXT_A/BRUT/AK0079/Desktop DF";"";"application/octet-stream";"data"
"/media/emoc/EXT_A/BRUT/AK0079/Desktop DB";"";"application/octet-stream";"data"
"/media/emoc/EXT_A/BRUT/AK0329/Desktop DF";"";"application/octet-stream";"data"
"/media/emoc/EXT_A/BRUT/AK0329/C.Peoc'h_Penmarc'h/Icon_";"";"inode/x-empty";"empty"
"/media/emoc/EXT_A/BRUT/AK0329/Per Ar Berr_Kumun Ploneiz/Icon_";"";"inode/x-empty";"empty"
"/media/emoc/EXT_A/BRUT/AK0329/Y.Rohou+E.Laurent_Ploveil/Icon_";"";"inode/x-empty";"empty"
"/media/emoc/EXT_A/BRUT/AK0329/SEL/Louis Poullelaouen";"";"application/octet-stream";"data"
"/media/emoc/EXT_A/BRUT/AK0329/Jean JAIN, maer Kerlaz/Icon_";"";"inode/x-empty";"empty"
"/media/emoc/EXT_A/BRUT/AK0329/Plonevez-Porze/Icon_";"";"inode/x-empty";"empty"
"/media/emoc/EXT_A/BRUT/AK0329/Desktop DB";"";"application/octet-stream";"data"
"/media/emoc/EXT_A/BRUT/AK0329/Jean Vichon_Plougon/Icon_";"";"inode/x-empty";"empty"
"/media/emoc/EXT_A/BRUT/AK0403/Desktop DF";"";"application/octet-stream";"data"
"/media/emoc/EXT_A/BRUT/AK0403/ARZHOURIEN HA STROLLADOù/AZiliZ/Icon_";"";"inode/x-empty";"empty"
"/media/emoc/EXT_A/BRUT/AK0403/AR YEZH/JADE 27 06 03/Icon_";"";"inode/x-empty";"empty"
"/media/emoc/EXT_A/BRUT/AK0403/AR YEZH/Gaeltac'ht/Icon_";"";"inode/x-empty";"empty"
"/media/emoc/EXT_A/BRUT/AK0403/Desktop DB";"";"application/octet-stream";"data"
"/media/emoc/EXT_A/BRUT/AK0205/Desktop DF";"";"application/octet-stream";"data"
"/media/emoc/EXT_A/BRUT/AK0205/Desktop DB";"";"application/octet-stream";"data"
"/media/emoc/EXT_A/BRUT/AK0348/Desktop DF";"";"application/octet-stream";"data"
"/media/emoc/EXT_A/BRUT/AK0348/Merc'her 30 06 2004/Icon_";"";"inode/x-empty";"empty"
"/media/emoc/EXT_A/BRUT/AK0348/Desktop DB";"";"application/octet-stream";"data"
"/media/emoc/EXT_A/BRUT/AK0348/.DS_Store";"";"application/octet-stream";"Apple Desktop Services Store"
"/media/emoc/EXT_A/BRUT/AK0348/Icon_";"";"inode/x-empty";"empty"
"/media/emoc/EXT_A/BRUT/AK0199/Desktop DF";"";"application/octet-stream";"data"
"/media/emoc/EXT_A/BRUT/AK0199/Desktop DB";"";"application/octet-stream";"data"
"/media/emoc/EXT_A/BRUT/AK0066/Desktop DF";"";"application/octet-stream";"data"
"/media/emoc/EXT_A/BRUT/AK0066/Desktop DB";"";"application/octet-stream";"data"
"/media/emoc/EXT_A/BRUT/AK0067/Desktop DF";"";"application/octet-stream";"data"
"/media/emoc/EXT_A/BRUT/AK0067/Desktop DB";"";"application/octet-stream";"data"
"/media/emoc/EXT_A/BRUT/AK0325/Desktop DF";"";"application/octet-stream";"data"
"/media/emoc/EXT_A/BRUT/AK0325/EURO 2004 _G.LABBÉ/Icon_";"";"inode/x-empty";"empty"
"/media/emoc/EXT_A/BRUT/AK0325/Gi Riou_Kombrid/Icon_";"";"inode/x-empty";"empty"
"/media/emoc/EXT_A/BRUT/AK0325/Jean Donnart_Rubans verts/Icon_";"";"inode/x-empty";"empty"
"/media/emoc/EXT_A/BRUT/AK0325/Plonevez-Porze/Icon_";"";"inode/x-empty";"empty"
"/media/emoc/EXT_A/BRUT/AK0325/JC Hamon_Occup-Libé/Icon_";"";"inode/x-empty";"empty"
"/media/emoc/EXT_A/BRUT/AK0325/Desktop DB";"";"application/octet-stream";"data"
"/media/emoc/EXT_A/BRUT/AK0325/Studioù Kimiezh GP/Studioù Kimiezh  Goulven";"";"inode/x-empty";"empty"
"/media/emoc/EXT_A/BRUT/AK0325/Studioù Kimiezh GP/Icon_";"";"inode/x-empty";"empty"
"/media/emoc/EXT_A/BRUT/AK0649/CONV/041.wav";"wav";"inode/x-empty";"empty"
"/media/emoc/EXT_A/BRUT/AK0649/CONV/039.wav";"wav";"inode/x-empty";"empty"
"/media/emoc/EXT_A/BRUT/AK0649/CONV/005.wav";"wav";"inode/x-empty";"empty"
"/media/emoc/EXT_A/BRUT/AK0649/CONV/010.wav";"wav";"inode/x-empty";"empty"
"/media/emoc/EXT_A/BRUT/AK0649/CONV/038.wav";"wav";"inode/x-empty";"empty"
"/media/emoc/EXT_A/BRUT/AK0649/ANALOG/005.wav";"wav";"inode/x-empty";"empty"
"/media/emoc/EXT_A/BRUT/AK0599/CONV/003.wav";"wav";"inode/x-empty";"empty"
"/media/emoc/EXT_A/BRUT/AK0192/Desktop DF";"";"application/octet-stream";"data"
"/media/emoc/EXT_A/BRUT/AK0192/Desktop DB";"";"application/octet-stream";"data"
"/media/emoc/EXT_A/BRUT/AK0192/Icon_";"";"inode/x-empty";"empty"
"/media/emoc/EXT_A/BRUT/AK0187/Desktop DF";"";"application/octet-stream";"data"
"/media/emoc/EXT_A/BRUT/AK0187/Desktop DB";"";"application/octet-stream";"data"
"/media/emoc/EXT_A/BRUT/AK0078/Desktop DF";"";"application/octet-stream";"data"
"/media/emoc/EXT_A/BRUT/AK0078/Desktop DB";"";"application/octet-stream";"data"
"/media/emoc/EXT_A/BRUT/AK0319/Desktop DF";"";"application/octet-stream";"data"
"/media/emoc/EXT_A/BRUT/AK0319/Desktop DB";"";"application/octet-stream";"data"
"/media/emoc/EXT_A/BRUT/AK0200/Desktop DF";"";"application/octet-stream";"data"
"/media/emoc/EXT_A/BRUT/AK0200/Desktop DB";"";"application/octet-stream";"data"
"/media/emoc/EXT_A/BRUT/AK0072/Desktop DF";"";"application/octet-stream";"data"
"/media/emoc/EXT_A/BRUT/AK0072/Desktop DB";"";"application/octet-stream";"data"
